X1	X2	X3	X4	X5	X6	X7	X8	X9	X10	X11	X12	X13	X14	X15	X16	X17	X18	X19	X20	X21	X22	X23	X24	X25	X26	X27	X28	X29	X30	X31	X32	X33	X34	X35	X36	X37	X38	X39	X40	X41	X42	X43	X44	X45	X46	X47	X48	X49	X50	X51	X52	X53	X54	X55	X56	X57	X58	X59	X60	X61	X62	X63	X64	X65	X66	X67	X68	X69	X70	X71	X72	X73	X74	X75	X76	X77	X78
1.10582	1.139335	1.117069	1.115989	1.081794	1.086465	1.126032	1.03021	0.939377	0.947153	0.922072	0.876385	0.925093	0.904864	0.96537	0.967162	0.947091	0.945939	0.900706	0.942025	0.968227	0.927497	0.91723	0.864451	0.892937	0.898005	0.908324	0.930366	0.913987	0.879349	0.906271	0.892609	0.915692	0.944451	0.985678	1.055371	1.040699	1.074358	1.058631	1.041916	1.061404	1.07339	1.107073	1.041827	1.009634	0.987724	0.897037	0.892017	0.9371	0.890312	0.963059	0.932898	0.950218	0.936404	0.964107	0.885172	0.902482	0.880253	0.901667	0.912872	0.901952	0.899737	0.888308	0.902382	0.927515	0.899749	0.86414	0.895218	0.83646	0.875679	0.923034	0.964638	1.01538	1.009574	1.050982	1.046066	1.043697	1.032337
1.098984	1.071115	1.045076	1.090822	1.09393	1.110141	1.132047	1.013088	0.868937	0.864292	0.892325	0.837195	0.859782	0.930482	0.904481	0.951909	0.939047	0.906702	0.91446	0.87726	0.865853	0.838166	0.850644	0.847451	0.824641	0.810592	0.888379	0.881451	0.865382	0.899593	0.815879	0.805151	0.868595	0.900527	0.979507	1.108401	1.09336	1.119423	1.087685	1.086377	1.055366	1.086035	1.135184	1.083088	1.04796	0.91695	0.883628	0.8335	0.810331	0.858371	0.937021	0.937922	0.969749	0.973868	0.917339	0.908024	0.956036	0.928583	0.919092	0.86689	0.864821	0.866105	0.859545	0.930579	0.910479	0.886925	0.870345	0.85946	0.766985	0.767302	0.847376	0.909583	1.026517	1.077034	1.069361	1.081894	1.033736	1.045533
1.091106	1.102898	1.104729	1.10681	1.137223	1.104518	1.078132	0.999378	0.936637	0.874765	0.856346	0.850767	0.898214	0.901797	0.884947	0.908141	0.888149	0.873298	0.83495	0.839469	0.836799	0.757101	0.750025	0.743808	0.786142	0.795174	0.828303	0.821368	0.842599	0.842047	0.77139	0.824827	0.855081	0.891615	0.942734	1.032675	1.096754	1.091207	1.084416	1.073262	1.042105	1.067786	1.105037	1.041973	1.047284	0.884405	0.861835	0.873961	0.783843	0.861608	0.902637	0.921121	0.92294	0.909903	0.914742	0.841192	0.884976	0.853404	0.890465	0.847671	0.863153	0.80792	0.81247	0.863182	0.854866	0.843263	0.811495	0.78539	0.758805	0.820802	0.839085	0.936146	1.007147	1.07297	1.105749	1.072184	1.036389	0.983117
1.022577	1.101629	1.122053	1.158968	1.102013	1.048934	0.974274	0.958829	0.958088	0.943698	0.903761	0.881361	0.880944	0.86027	0.890407	0.82934	0.804373	0.781113	0.756027	0.743563	0.745825	0.74141	0.717328	0.716595	0.677537	0.704063	0.781102	0.847806	0.78579	0.79399	0.827125	0.853116	0.893007	0.929402	0.96568	0.988005	1.026358	1.065307	1.082168	1.085464	1.112771	1.052701	1.025605	0.945916	0.981006	0.910959	0.948311	0.879614	0.807843	0.850148	0.904063	0.883429	0.901128	0.844622	0.821889	0.817516	0.789588	0.771503	0.805996	0.762332	0.758807	0.738083	0.770476	0.791077	0.787822	0.780299	0.811529	0.794233	0.786824	0.859886	0.843821	0.875879	0.948975	0.99157	1.044754	1.084189	1.09375	1.079557
0.998773	1.129492	1.113614	1.11843	1.050813	0.963977	0.991641	0.954738	0.977552	1.023166	0.961497	0.944063	0.892308	0.833997	0.79049	0.779676	0.749303	0.676298	0.635557	0.647003	0.693714	0.657848	0.632639	0.605572	0.636656	0.678785	0.703616	0.736887	0.768652	0.808623	0.866311	0.91271	0.965136	0.937375	0.949587	0.976082	0.957905	1.059431	1.083358	1.112029	1.119623	1.074569	0.96804	0.896866	0.910009	0.902373	0.997896	0.936578	0.904705	0.851514	0.804572	0.81222	0.779772	0.760147	0.749983	0.686051	0.708347	0.66968	0.668492	0.644179	0.663224	0.667716	0.697873	0.71852	0.789764	0.831961	0.820966	0.842033	0.873179	0.852229	0.954499	0.908576	0.931358	0.926194	0.954176	1.036868	1.139331	1.118822
0.985646	1.029505	1.086638	1.026169	1.003208	0.919924	0.920871	0.92949	0.946756	0.935728	0.919339	0.881092	0.83971	0.790362	0.725718	0.708796	0.678371	0.714592	0.633583	0.634906	0.612328	0.637819	0.616304	0.612037	0.614173	0.646806	0.648894	0.726121	0.69214	0.762512	0.852656	0.864781	0.872753	0.978689	0.963063	0.907559	0.968707	0.992648	1.018578	1.072574	1.095603	1.057753	0.96495	0.914439	0.956528	0.958626	0.936534	0.890296	0.901173	0.853389	0.804222	0.711875	0.749745	0.707455	0.697271	0.680466	0.617709	0.674264	0.635934	0.626777	0.642335	0.671759	0.681618	0.673702	0.723552	0.732532	0.762049	0.850644	0.869443	0.889547	0.97003	0.934675	0.904871	0.918755	0.98475	1.046344	1.060547	1.099903
0.959	0.967039	0.97465	0.965583	1.018958	0.943052	0.946687	0.928451	0.964665	0.962277	0.88656	0.85874	0.742975	0.710005	0.692587	0.706164	0.693444	0.668991	0.688906	0.635225	0.655744	0.635024	0.65038	0.648767	0.619926	0.655553	0.632599	0.661878	0.684852	0.749256	0.827978	0.885522	0.876001	0.94504	1.006663	0.930474	0.942766	0.961162	1.001453	1.049114	1.022568	0.989143	0.965493	0.916651	0.891298	0.949076	0.977631	0.937982	0.885565	0.824801	0.768474	0.719316	0.73324	0.70166	0.67958	0.673295	0.644388	0.654291	0.637732	0.667573	0.691393	0.670067	0.711952	0.662064	0.693683	0.675858	0.706554	0.785994	0.859984	0.875744	0.941179	0.931093	0.857152	0.889686	0.943598	0.96363	1.017124	1.044664
0.933517	0.8772	0.88568	0.884632	0.97603	0.986144	1.005383	1.022288	0.998122	0.941542	0.834278	0.793526	0.699745	0.656882	0.686275	0.683493	0.725233	0.792571	0.746695	0.754295	0.75458	0.740316	0.737416	0.749072	0.690169	0.696543	0.653804	0.657976	0.654939	0.655919	0.742486	0.837344	0.895763	0.933185	0.965156	0.978127	0.98786	0.97972	0.939828	0.953681	0.924597	0.950147	0.980957	0.956322	0.999296	0.935298	0.963716	0.863183	0.793627	0.712723	0.700011	0.681834	0.71133	0.700176	0.744482	0.721128	0.74724	0.7208	0.729086	0.72299	0.687936	0.692513	0.675849	0.650484	0.666256	0.652111	0.693368	0.743221	0.822645	0.913136	0.902088	0.930855	0.931272	0.957225	0.91222	0.93895	0.944485	0.953934
0.918817	0.851074	0.832081	0.824302	0.920929	1.013069	0.973474	1.015348	0.959918	0.900185	0.818938	0.698089	0.667877	0.676021	0.736755	0.716012	0.809514	0.851895	0.874191	0.904677	0.860747	0.827947	0.887799	0.856499	0.829606	0.75711	0.695217	0.715224	0.673593	0.65783	0.695737	0.790149	0.846305	0.939777	1.001598	1.022125	1.047079	0.971662	0.89257	0.832571	0.873058	0.89277	1.003731	1.055012	0.994941	0.960124	0.911966	0.807944	0.765974	0.668655	0.644091	0.644552	0.705966	0.75558	0.818265	0.843785	0.835373	0.89255	0.856269	0.839493	0.870924	0.846662	0.789599	0.731323	0.691759	0.611373	0.669771	0.71361	0.775462	0.853496	0.892096	0.949614	0.986594	0.980233	0.895133	0.875152	0.882437	0.859418
0.899082	0.817275	0.807026	0.830552	0.894156	0.958066	0.983618	0.936159	0.853473	0.752443	0.764964	0.68288	0.699155	0.76602	0.816027	0.817646	0.908311	0.95902	0.938601	0.93107	0.926149	0.924463	0.915502	0.893196	0.813511	0.827567	0.810882	0.766972	0.752094	0.704401	0.729436	0.767102	0.796579	0.861306	0.947955	0.96612	0.967221	0.956705	0.869634	0.80987	0.795237	0.89707	0.92242	0.97502	1.003082	0.930537	0.851056	0.741889	0.736256	0.695651	0.719909	0.733254	0.799013	0.859284	0.897164	0.931955	0.957474	0.984368	0.939135	0.943715	0.944814	0.945509	0.953739	0.846539	0.781003	0.718327	0.725257	0.681284	0.734518	0.806049	0.848599	0.88742	0.930678	0.930393	0.921762	0.858145	0.805336	0.771469
0.898898	0.788972	0.809703	0.836603	0.923585	0.986605	1.003962	0.8983	0.796457	0.704619	0.703957	0.737439	0.790978	0.851658	0.877119	0.952494	0.981583	0.980862	1.005301	0.925239	0.943982	0.923541	0.940788	0.928996	0.965481	0.920604	0.9094	0.881828	0.828107	0.755577	0.739806	0.727425	0.732063	0.81538	0.884566	1.003862	0.952031	0.922432	0.855676	0.803405	0.809937	0.866298	0.974988	1.004478	0.930835	0.835893	0.760945	0.737893	0.723986	0.740558	0.797877	0.855013	0.867329	0.965727	0.991747	0.99377	1.000981	0.98843	1.014179	1.022735	0.982398	1.055848	1.020265	0.968292	0.853194	0.843189	0.797112	0.730999	0.779646	0.747569	0.816343	0.856187	0.949437	0.864614	0.898211	0.83398	0.857262	0.80728
0.883239	0.814948	0.83467	0.878581	0.895425	0.903554	0.913585	0.784106	0.72215	0.678781	0.72528	0.80125	0.901738	0.956305	0.998084	0.969977	0.977974	0.949862	0.921754	0.86463	0.830777	0.830156	0.847664	0.902202	0.941585	0.937153	0.953374	0.976263	0.914037	0.851265	0.821099	0.7273	0.639504	0.708819	0.826106	0.902081	0.931327	0.917272	0.81662	0.836954	0.83687	0.883093	0.960237	0.944411	0.864283	0.783039	0.677701	0.722869	0.74154	0.812863	0.95492	0.961627	0.968774	0.968992	0.981492	0.9535	0.963134	0.925227	0.944964	0.94845	0.918697	1.052031	1.043186	1.065806	0.992002	0.974801	0.898655	0.825789	0.793576	0.693273	0.696367	0.782827	0.867798	0.939981	0.912953	0.879734	0.827738	0.837424
0.888584	0.916375	0.885905	0.933721	0.8869	0.882335	0.856685	0.728086	0.693762	0.699222	0.784086	0.847346	0.934683	0.96505	0.984583	1.00084	0.896	0.821722	0.750381	0.719823	0.624218	0.670111	0.69574	0.779032	0.77376	0.856941	0.922819	0.996209	0.967786	0.919179	0.822288	0.734591	0.671662	0.660968	0.737298	0.824857	0.899985	0.916892	0.904658	0.946706	0.936453	0.932518	0.937564	0.864777	0.824922	0.708329	0.663516	0.676704	0.82779	0.887557	0.990309	0.985762	0.94532	0.928226	0.856333	0.83032	0.836495	0.790591	0.734301	0.798079	0.839535	0.89544	0.931369	0.999778	1.073427	1.051436	1.00691	0.921015	0.777535	0.706942	0.670774	0.709211	0.766975	0.859336	0.884814	0.883512	0.906935	0.882653
0.874894	0.873289	0.931125	0.908571	0.879571	0.80657	0.771957	0.720704	0.714734	0.724494	0.81302	0.874997	0.98572	1.012257	0.877301	0.796043	0.705547	0.560418	0.595302	0.55262	0.540785	0.521141	0.557095	0.594973	0.627186	0.652301	0.818304	0.883942	0.954152	0.943334	0.884114	0.77341	0.664132	0.625317	0.707565	0.78461	0.833716	0.850627	0.912502	0.927104	0.916726	0.96667	0.875262	0.813959	0.761778	0.695412	0.657403	0.725741	0.78173	0.91957	0.993821	0.913027	0.872866	0.790567	0.637228	0.627909	0.663149	0.557944	0.524345	0.549587	0.671297	0.679664	0.716874	0.836417	0.92772	0.994758	0.974709	0.933058	0.808667	0.722281	0.641301	0.661125	0.705973	0.773232	0.856617	0.864831	0.934519	0.949231
0.908216	0.96777	0.984055	0.969368	0.875482	0.815748	0.749505	0.69118	0.686907	0.785005	0.838244	0.947443	0.999539	0.968124	0.776131	0.631421	0.50042	0.512136	0.510786	0.527618	0.553007	0.556585	0.528095	0.489603	0.509687	0.538608	0.621453	0.73781	0.887168	0.945671	0.861957	0.784683	0.683725	0.63935	0.657319	0.768358	0.795821	0.868141	0.935333	0.968551	0.947653	0.940592	0.863395	0.801889	0.725666	0.686046	0.671207	0.751097	0.86035	0.943028	0.960947	0.820187	0.705078	0.605518	0.499441	0.489526	0.506715	0.582354	0.474945	0.517981	0.502767	0.545228	0.555544	0.667	0.800783	0.920352	1.019152	0.915173	0.834656	0.784204	0.709162	0.655302	0.696935	0.752461	0.825737	0.923975	0.94458	0.948192
0.899744	0.944204	1.011816	0.975097	0.892209	0.744758	0.738112	0.674035	0.7578	0.848406	0.921828	0.990342	0.969974	0.877818	0.661148	0.541774	0.43003	0.511777	0.672694	0.774337	0.881455	0.862504	0.76947	0.62577	0.532083	0.445657	0.465094	0.637332	0.801596	0.870683	0.941112	0.801047	0.766488	0.664022	0.660411	0.688453	0.756738	0.858353	0.946866	1.024638	1.004218	0.964944	0.853609	0.781908	0.715972	0.681692	0.784484	0.813286	0.93505	0.997024	0.903821	0.743116	0.572728	0.447702	0.435564	0.529315	0.592591	0.655748	0.69309	0.648165	0.612457	0.534639	0.493883	0.510168	0.652894	0.839999	0.962962	0.971628	0.883574	0.808248	0.690786	0.687142	0.689174	0.753581	0.804973	0.87758	0.955576	0.957853
0.844897	0.941665	0.965617	0.966738	0.860362	0.765315	0.694325	0.703654	0.771268	0.920749	0.979069	1.029287	0.896324	0.800309	0.589176	0.493846	0.549927	0.822653	1.129254	1.407067	1.58526	1.600201	1.388562	1.089626	0.755023	0.556317	0.475235	0.559794	0.656684	0.880235	0.918244	0.861161	0.802524	0.720004	0.612295	0.659679	0.712888	0.827624	0.959843	1.019426	1.019372	0.945175	0.838267	0.736933	0.712286	0.755163	0.837447	0.920674	0.966927	1.010511	0.855165	0.647217	0.494355	0.43023	0.557131	0.796314	1.030172	1.216807	1.253845	1.183171	0.951639	0.741367	0.502699	0.467486	0.573777	0.731969	0.891789	0.982939	0.982406	0.832627	0.770599	0.667555	0.637998	0.681549	0.772578	0.918189	0.981563	0.98497
0.821335	0.9407	0.999746	0.953342	0.840231	0.761126	0.751074	0.728214	0.831692	0.968729	0.991331	1.043865	0.91083	0.759941	0.583059	0.579892	0.737079	1.211368	1.740263	2.170574	2.409923	2.411968	2.183658	1.714675	1.208876	0.737071	0.522187	0.574706	0.63854	0.841183	0.884593	0.885209	0.841181	0.718829	0.640443	0.661758	0.736867	0.812115	0.955591	0.97806	0.963272	0.890419	0.775446	0.748295	0.686593	0.732657	0.852634	0.915629	1.00601	0.956014	0.732012	0.587006	0.518658	0.529698	0.869708	1.308853	1.674369	1.947005	2.103726	1.860598	1.495048	1.105549	0.724191	0.509065	0.518242	0.638546	0.811352	0.963771	0.975404	0.888379	0.778501	0.701395	0.624723	0.710718	0.770041	0.859731	0.944337	0.968548
0.848902	0.993212	1.022229	1.026147	0.853562	0.76076	0.712006	0.715469	0.835622	0.953489	1.021787	1.005556	0.842063	0.728852	0.575141	0.630076	0.931239	1.613572	2.257808	2.632899	2.744362	2.701585	2.637183	2.258885	1.60451	0.958076	0.597893	0.516274	0.653329	0.79315	0.890119	0.889195	0.898799	0.750454	0.632793	0.652329	0.702664	0.816782	0.974627	0.996613	0.99316	0.879766	0.784862	0.712345	0.727397	0.777708	0.895838	0.937069	0.993496	0.910329	0.756955	0.602345	0.491498	0.678303	1.11339	1.776299	2.347042	2.535444	2.577926	2.475729	2.158643	1.570439	1.000526	0.620188	0.541359	0.652247	0.770715	0.963226	0.962104	0.908925	0.807976	0.711565	0.629412	0.707777	0.757046	0.874362	0.955531	0.999166
0.864156	1.028449	1.027487	1.011635	0.90143	0.7416	0.701756	0.725622	0.779964	0.932287	1.007508	0.964642	0.834497	0.660392	0.54907	0.688964	1.076887	1.848042	2.57143	2.682435	2.582401	2.5717	2.688606	2.506364	1.829329	1.108933	0.676114	0.51744	0.597919	0.72292	0.901492	0.926425	0.883616	0.776045	0.669975	0.648728	0.670683	0.798202	0.960966	1.020319	1.032979	0.953958	0.779835	0.690003	0.687532	0.796787	0.935333	0.95752	0.958446	0.887101	0.7519	0.544316	0.51723	0.787597	1.397302	2.193365	2.513802	2.53797	2.531772	2.626879	2.555101	1.901682	1.22571	0.695265	0.534244	0.60728	0.732739	0.924765	0.963487	0.910352	0.820365	0.726955	0.631163	0.645006	0.761019	0.86969	0.974595	0.999867
0.899918	1.030204	1.00035	0.996432	0.943326	0.776198	0.690122	0.683117	0.818088	0.895174	1.016753	0.945451	0.822856	0.642461	0.559127	0.648629	1.090543	1.911405	2.538413	2.668516	2.624042	2.625314	2.674587	2.564917	1.913957	1.168055	0.662212	0.554358	0.573032	0.749053	0.916407	0.886722	0.845932	0.710207	0.661801	0.600134	0.688279	0.86281	0.997803	1.024103	1.028194	0.948425	0.803514	0.710538	0.705727	0.774007	0.924295	0.967015	0.984388	0.864319	0.679956	0.508936	0.523891	0.802871	1.530445	2.314095	2.62618	2.57222	2.464077	2.559737	2.515874	2.036356	1.317173	0.699895	0.526171	0.548265	0.713861	0.91061	0.987376	0.932384	0.773395	0.712889	0.624241	0.675945	0.780327	0.904795	0.988786	1.005657
0.884543	1.050175	1.137365	1.07286	0.899811	0.781019	0.697414	0.733181	0.814109	0.961034	0.986723	0.969903	0.872558	0.645005	0.573622	0.601539	0.964042	1.656023	2.36001	2.788	2.848731	2.734724	2.72637	2.422665	1.710333	1.019323	0.631336	0.56994	0.617893	0.794159	0.934126	0.939257	0.860783	0.739248	0.674216	0.646053	0.71344	0.834296	0.998263	1.122919	1.056231	0.96901	0.882014	0.686152	0.730261	0.748757	0.930369	0.957916	0.987448	0.893881	0.695838	0.532218	0.525349	0.79457	1.478022	2.160449	2.69304	2.628858	2.653586	2.662603	2.54749	1.942791	1.236601	0.721358	0.536451	0.564677	0.740779	0.875818	0.962458	0.897467	0.76907	0.694641	0.634059	0.677816	0.787552	0.925775	1.017249	1.035986
0.942874	1.038708	1.075724	1.036427	0.963184	0.794896	0.80275	0.673967	0.783271	0.908973	0.918572	0.959334	0.88153	0.723541	0.591157	0.559873	0.815161	1.362782	1.90611	2.439135	2.622606	2.64963	2.381762	1.9497	1.366336	0.860447	0.584047	0.570749	0.735649	0.908277	0.942668	0.895412	0.862339	0.742615	0.643324	0.664279	0.749789	0.875698	1.000972	1.065711	1.056615	0.97441	0.851975	0.75675	0.721333	0.771901	0.856123	0.934968	0.958656	0.931942	0.730745	0.596742	0.508263	0.65507	1.164362	1.813039	2.404007	2.609487	2.615087	2.498319	2.188142	1.584497	1.034693	0.585521	0.536564	0.646053	0.813543	0.93492	0.949525	0.889384	0.820742	0.708395	0.651935	0.701459	0.810554	0.963056	1.029031	1.066758
0.877202	1.017699	1.026292	1.075666	0.924268	0.797171	0.804028	0.75419	0.782531	0.878299	0.925784	0.980539	0.911645	0.759273	0.568041	0.579546	0.597425	0.973565	1.319247	1.662378	1.88737	1.899926	1.764599	1.388267	0.94553	0.622239	0.507673	0.59096	0.767525	0.902673	0.999467	0.972509	0.859331	0.765832	0.650992	0.686432	0.767284	0.851451	0.991048	1.052827	1.040877	0.951214	0.858655	0.76526	0.701764	0.757886	0.865012	0.946322	0.991659	0.936716	0.809209	0.593526	0.502628	0.575667	0.844035	1.309786	1.705208	2.015787	2.127206	1.916723	1.62002	1.155235	0.755892	0.535695	0.527239	0.69617	0.850063	0.958261	0.964688	0.886232	0.752172	0.687135	0.636043	0.710438	0.803331	0.932874	0.975003	1.022694
0.939338	1.044863	1.032367	1.074846	0.929522	0.886354	0.770413	0.741347	0.732176	0.783844	0.892261	1.023205	0.931086	0.803182	0.646064	0.507767	0.470974	0.591789	0.759175	0.962577	1.064615	1.154189	0.986042	0.83978	0.597106	0.502606	0.603028	0.673001	0.827123	0.990942	1.023463	0.963866	0.804866	0.713329	0.682365	0.707963	0.834754	0.865584	1.042392	1.06332	1.029957	0.985539	0.867355	0.767477	0.73847	0.736027	0.785305	0.906945	0.965315	0.963469	0.816509	0.656341	0.507109	0.454097	0.573657	0.842139	1.056346	1.288181	1.326305	1.21242	0.998648	0.773444	0.554154	0.499686	0.564815	0.715325	0.90112	0.957338	0.92539	0.803422	0.707199	0.690748	0.692509	0.729825	0.846215	0.937431	1.014703	0.952273
0.986362	1.04792	1.058941	1.050097	0.998033	0.902006	0.849166	0.740267	0.706017	0.748072	0.799428	0.897292	0.981996	0.969911	0.787546	0.580013	0.490016	0.514916	0.528219	0.595023	0.64033	0.644427	0.572351	0.561319	0.515323	0.52507	0.633541	0.828978	0.970021	1.072451	1.018067	0.878141	0.768946	0.705881	0.715736	0.770353	0.852884	0.980171	1.028382	1.111293	1.070922	1.004646	0.956993	0.832197	0.813946	0.731284	0.762569	0.798282	0.949808	0.949309	0.924439	0.797507	0.603518	0.417224	0.473168	0.562815	0.625869	0.754389	0.722495	0.708385	0.616747	0.564105	0.474529	0.564508	0.690077	0.811598	0.970552	1.016466	0.937603	0.802307	0.714388	0.668703	0.70533	0.80819	0.849218	0.961313	0.981569	1.010119
1.014325	1.01628	1.018135	1.02776	1.052089	0.947661	0.907316	0.790962	0.696046	0.695397	0.730395	0.804289	0.951916	0.983399	0.872898	0.783988	0.669509	0.606241	0.605317	0.538236	0.526537	0.522196	0.544125	0.570801	0.592511	0.666075	0.77	0.910772	1.025734	1.021651	0.931518	0.788858	0.692336	0.684973	0.743167	0.866942	0.933063	0.971188	1.066189	1.040902	1.06407	1.041316	1.006942	0.903579	0.791923	0.710132	0.723777	0.724634	0.832177	0.927182	0.966195	0.864116	0.732936	0.599325	0.550549	0.517112	0.519766	0.52507	0.559626	0.537186	0.519553	0.54189	0.597099	0.660719	0.794461	0.92743	0.977196	0.968348	0.820451	0.739469	0.706823	0.700996	0.7608	0.858636	0.946451	1.014202	1.011222	1.006116
1.050397	1.012876	1.010192	1.052679	1.025336	1.005443	0.900369	0.77622	0.719863	0.719192	0.731502	0.799365	0.882685	0.908966	0.924699	0.913502	0.804084	0.774005	0.722551	0.692432	0.667154	0.647741	0.747027	0.735475	0.72084	0.843914	0.999879	1.036435	1.024017	0.99998	0.857482	0.739496	0.660129	0.686518	0.764492	0.898894	0.913867	1.017916	1.001867	0.988921	0.986223	1.048141	1.017514	0.921882	0.835193	0.729015	0.711913	0.714458	0.808528	0.893467	0.914526	0.933448	0.851897	0.794673	0.726395	0.6664	0.644696	0.6202	0.571685	0.626473	0.670649	0.708723	0.745908	0.872355	0.924422	0.968338	0.988497	0.908266	0.775202	0.659127	0.69083	0.756365	0.825547	0.872226	0.968572	1.018796	1.014429	0.969748
1.001167	0.923067	0.963228	0.961406	1.065363	0.991642	0.976546	0.854156	0.736875	0.718655	0.709927	0.807112	0.906064	0.947773	0.919205	1.001223	0.922632	0.887523	0.908626	0.856979	0.803777	0.811274	0.910128	0.932601	0.923514	1.008025	1.037654	1.019087	0.991611	0.941858	0.783521	0.702508	0.705284	0.743998	0.852331	0.952952	0.975219	0.986944	0.964101	0.993717	1.005063	0.996608	1.01893	0.95449	0.852495	0.725728	0.69595	0.685652	0.743838	0.826323	0.921908	0.952174	0.966218	0.947727	0.869294	0.817102	0.850619	0.790465	0.730662	0.813409	0.88361	0.907872	0.934308	1.010358	1.044506	0.9782	0.933242	0.855216	0.745031	0.685301	0.726722	0.787707	0.860887	0.975177	0.997508	0.987449	0.933379	0.973967
0.912873	0.88041	0.882692	0.90343	1.016087	1.072037	1.032216	0.924432	0.851592	0.776074	0.742573	0.767263	0.776084	0.848417	0.871691	0.924044	1.012511	1.006299	0.94623	0.958304	0.983843	0.956495	1.004625	1.053673	1.114205	1.071947	1.0645	0.980995	0.953431	0.856627	0.7915	0.735209	0.742149	0.833748	0.980897	1.060797	1.081648	1.004739	0.957859	0.940554	0.949402	0.985055	1.090885	1.049429	0.966094	0.826623	0.758594	0.719369	0.705858	0.799571	0.859034	0.912715	0.969021	1.043176	0.98957	0.986033	0.986732	0.976077	0.948278	0.978668	1.026877	1.049992	1.084084	1.063207	1.015021	0.968558	0.885831	0.820148	0.751709	0.74213	0.770431	0.878201	0.941596	0.956967	1.006734	0.939326	0.919636	0.929196
0.952446	0.872093	0.85288	0.894096	1.00103	1.048391	1.07004	1.020217	0.969895	0.872628	0.842792	0.766268	0.723256	0.785699	0.764935	0.845098	0.871833	0.930064	0.912115	0.911986	0.959854	0.921579	0.982316	0.998112	0.97288	1.01395	0.93581	0.890975	0.821293	0.808882	0.797517	0.823563	0.865787	0.978505	1.028843	1.066628	1.090861	0.967168	0.8968	0.87488	0.919739	0.966714	1.092727	1.029021	1.072158	0.972513	0.851157	0.78221	0.781977	0.742956	0.776702	0.774104	0.850433	0.931489	0.968871	0.950972	0.973371	1.019437	1.027171	1.035972	1.026766	1.048004	0.999365	0.937379	0.941398	0.832731	0.854854	0.783786	0.804522	0.783753	0.869322	0.960863	1.004882	1.040327	0.992197	0.889631	0.832706	0.852279
0.913861	0.844786	0.890821	0.878469	0.945404	1.014428	1.056055	1.113059	1.053452	0.991988	0.927118	0.811179	0.763714	0.696235	0.71933	0.76464	0.81389	0.834928	0.843137	0.871314	0.882171	0.853638	0.90191	0.928902	0.926537	0.867544	0.829593	0.804246	0.799064	0.78931	0.82574	0.91765	0.98951	1.065843	1.102986	1.099455	1.059197	1.010117	0.872588	0.888821	0.882692	0.975718	1.0407	1.035525	1.106519	1.059063	0.993695	0.892765	0.830408	0.72178	0.716943	0.736614	0.738747	0.819351	0.865463	0.891223	0.897833	0.978691	0.93474	0.953994	0.890493	0.935556	0.927574	0.835043	0.775166	0.797118	0.792983	0.775588	0.86823	0.933243	1.018242	1.088526	1.017274	1.000997	0.950635	0.861741	0.841313	0.832454
0.949111	0.906543	0.883072	0.923091	0.97979	1.047161	1.063878	1.081945	1.066247	1.074584	1.03388	0.921829	0.849898	0.76768	0.720157	0.803739	0.785293	0.780244	0.81018	0.778258	0.781198	0.78931	0.806714	0.827721	0.792556	0.757382	0.726808	0.823055	0.806713	0.851141	0.946631	1.039565	1.081998	1.132804	1.132067	1.152846	1.066565	0.977999	0.882777	0.89253	0.869725	0.964418	1.043642	1.078043	1.123242	1.079779	1.078103	1.019803	0.88608	0.808441	0.736321	0.717983	0.69907	0.753696	0.80648	0.826458	0.82099	0.823132	0.841353	0.86521	0.841541	0.900667	0.848117	0.78376	0.765933	0.775843	0.825346	0.876592	0.97362	1.062881	1.132574	1.096326	1.099168	1.043252	0.978933	0.848457	0.844668	0.793316
0.967356	0.96797	0.996421	0.969052	0.974851	0.96355	1.000801	1.051238	1.096232	1.111003	1.123464	1.002754	0.955947	0.891944	0.821908	0.822354	0.781313	0.764039	0.765341	0.705474	0.7081	0.683622	0.739766	0.708021	0.761617	0.752544	0.805315	0.809852	0.882329	0.983085	1.070476	1.165643	1.14905	1.169247	1.085545	1.042053	1.022523	1.003457	0.95568	0.919021	0.975745	0.993167	0.970449	1.024887	1.090753	1.128211	1.187089	1.091727	1.02754	0.9059	0.861709	0.794097	0.749031	0.727856	0.769427	0.738065	0.743852	0.729978	0.774934	0.743727	0.815835	0.757872	0.747403	0.820608	0.805683	0.82671	0.905377	0.984589	1.078443	1.147848	1.124308	1.142348	1.08191	1.018249	1.000587	0.903671	0.896028	0.863089
1.066469	1.026352	1.069956	0.997079	0.964028	0.89546	0.906968	0.998726	1.104753	1.143319	1.146559	1.080019	1.017653	0.917365	0.94616	0.885861	0.822393	0.794775	0.726746	0.744818	0.709939	0.744125	0.746552	0.749521	0.801641	0.874636	0.892292	0.921244	0.98939	1.014238	1.104639	1.164493	1.15297	1.120224	1.027973	1.001701	0.922108	1.032869	1.001101	1.03083	1.020662	0.943557	0.946942	0.960176	1.015581	1.113475	1.163291	1.144195	1.133799	1.040444	0.9335	0.90084	0.860342	0.786666	0.769079	0.739822	0.716164	0.706401	0.7817	0.727431	0.782116	0.789605	0.798357	0.858076	0.880208	0.9419	1.025838	1.104028	1.135755	1.16562	1.16152	1.063363	1.002452	0.98737	0.942949	0.953238	0.958233	0.970958
1.0635	1.148291	1.074799	1.034985	0.994099	0.933953	0.948973	1.003331	1.114677	1.071428	1.058612	1.021064	1.002582	0.93056	0.975698	0.935836	0.855194	0.835514	0.779916	0.789481	0.770982	0.785953	0.7708	0.8412	0.895935	0.924934	0.961942	0.968454	0.96282	1.073288	1.128981	1.108776	1.083415	1.056	1.031175	0.981419	1.009401	1.0279	1.002313	1.078822	1.101314	0.954466	0.980145	0.95783	1.012103	1.079018	1.088369	1.101675	1.157812	1.027681	0.961311	0.900639	0.902898	0.849326	0.800012	0.789099	0.771163	0.768128	0.765515	0.755487	0.825863	0.824881	0.845044	0.876014	0.93531	0.970274	1.002534	1.073132	1.130578	1.110302	1.129964	1.034957	0.97375	0.943613	0.983728	1.002066	1.075171	1.033761
1.087516	1.089492	1.087797	1.059358	1.041584	0.963599	0.982638	1.000141	1.01029	1.013996	0.981375	0.987873	0.947484	0.938161	0.954562	0.945534	0.843531	0.881987	0.851061	0.865239	0.875498	0.854981	0.813637	0.919772	0.896332	0.932987	0.964565	0.971047	0.984704	1.027501	1.05455	1.043242	1.016518	1.038779	1.052127	1.01601	1.008413	1.073292	1.108521	1.092186	1.100268	1.047306	0.987494	0.95021	1.000246	0.996287	1.071314	1.033262	1.077092	1.012217	0.949029	0.945894	0.967027	0.856447	0.876732	0.813155	0.852479	0.87993	0.863482	0.83938	0.867434	0.879531	0.905955	0.940786	0.936022	0.951151	1.066853	1.058534	1.052071	1.052455	1.088183	0.931961	0.989962	1.006021	1.010191	1.05252	1.082302	1.03923
1.066001	1.067362	1.079545	1.081918	1.059995	1.077628	1.039581	0.974331	0.910519	0.854503	0.850355	0.886947	0.920937	0.922657	0.929415	0.92764	0.910609	0.88495	0.875705	0.926751	0.878372	0.88281	0.893677	0.885824	0.893691	0.907684	0.947845	0.942391	0.935384	0.934231	0.91868	0.901838	0.916018	0.971835	1.075033	1.048657	1.077749	1.09295	1.028305	1.079473	1.077851	1.042202	1.046632	1.002785	0.988618	0.989041	0.937076	0.905105	0.90829	0.925514	0.927393	0.921616	0.971098	0.942163	0.913791	0.890607	0.930651	0.927415	0.885654	0.88239	0.920473	0.893449	0.913895	0.932235	0.941141	0.948356	0.945281	0.95316	0.9081	0.961221	1.014584	1.025754	1.054694	0.994059	1.048127	1.070063	1.081929	1.056839
1.101464	1.065172	1.064202	1.126613	1.087019	1.055934	1.057438	0.910996	0.840556	0.827639	0.797735	0.818854	0.868605	0.882084	0.886092	0.900922	0.890457	0.84296	0.887432	0.885434	0.861095	0.895398	0.924829	0.870701	0.848044	0.889137	0.895715	0.850562	0.895897	0.868824	0.83558	0.829047	0.836099	0.948902	1.041188	1.074534	1.091262	1.10215	1.083117	1.058022	1.08683	1.1034	1.07679	1.071509	0.986409	0.895611	0.838379	0.834223	0.812077	0.859481	0.922041	0.910743	0.929799	0.908657	0.897103	0.862994	0.954673	0.966168	0.937206	0.920488	0.887184	0.872171	0.900242	0.903762	0.891456	0.921198	0.864016	0.823365	0.815248	0.887616	0.905121	1.001576	1.031379	1.076624	1.100244	1.046102	1.091088	1.067183
1.091723	1.071669	1.092252	1.103978	1.148018	1.088653	1.034189	0.939604	0.878585	0.862166	0.818474	0.813937	0.856524	0.889911	0.855215	0.883454	0.827875	0.829341	0.817971	0.854063	0.820333	0.784172	0.855148	0.821603	0.798522	0.870641	0.891814	0.855002	0.819479	0.844204	0.769871	0.802335	0.850953	0.950044	1.038643	1.045456	1.058157	1.118511	1.08824	1.061502	1.061413	1.095294	1.08653	1.061707	0.981875	0.89809	0.871108	0.80928	0.789666	0.842891	0.853041	0.83298	0.896081	0.868743	0.834351	0.836827	0.880897	0.897309	0.89088	0.844587	0.842292	0.861341	0.877929	0.857453	0.869339	0.881573	0.852201	0.783926	0.80259	0.818849	0.896569	0.966436	1.024733	1.064692	1.106075	1.103379	1.05011	1.040889
1.085228	1.068257	1.146738	1.082299	1.06719	1.013088	0.999168	0.970175	0.918593	0.863215	0.855091	0.855906	0.854773	0.868339	0.834947	0.791868	0.794925	0.777789	0.708121	0.707989	0.738834	0.719067	0.7414	0.735158	0.746998	0.819875	0.79804	0.832302	0.82579	0.809529	0.839003	0.820982	0.8292	0.890266	0.996514	1.003978	1.082429	1.097811	1.093536	1.128275	1.104672	1.07169	1.026381	0.99677	0.972523	0.885599	0.900489	0.835026	0.860694	0.859776	0.890768	0.831822	0.867327	0.847822	0.785076	0.810682	0.815041	0.825781	0.820663	0.774789	0.808451	0.800343	0.805949	0.818587	0.825808	0.78236	0.831603	0.766921	0.779402	0.783342	0.863189	0.963793	0.979084	1.042207	1.059912	1.03945	1.065672	1.033217
1.030813	1.09824	1.107243	1.055221	1.001373	0.955692	0.959259	0.980267	0.946174	0.916162	0.873792	0.88312	0.822825	0.814215	0.751423	0.737204	0.704969	0.661578	0.684005	0.608026	0.635662	0.664572	0.60808	0.586214	0.634602	0.669561	0.741116	0.764701	0.815389	0.848859	0.905767	0.884363	0.912945	0.900468	0.908893	0.942334	1.008884	1.036759	1.121739	1.14388	1.144739	1.093995	1.0291	0.962778	0.947072	0.943139	0.967818	0.876773	0.901715	0.855004	0.87148	0.78921	0.791907	0.74085	0.710297	0.713429	0.686702	0.69011	0.680009	0.650841	0.663271	0.727196	0.726523	0.737055	0.793017	0.812768	0.787063	0.819616	0.85526	0.862018	0.855758	0.912593	0.916301	0.941764	1.025383	1.063688	1.103995	1.082288
1.016004	1.081719	1.06666	1.062898	1.048866	0.957875	0.95036	0.912787	1.001624	0.964443	0.892369	0.876575	0.814856	0.741783	0.731944	0.656837	0.636975	0.696881	0.627388	0.617981	0.617379	0.628844	0.568649	0.636424	0.607655	0.696367	0.752574	0.779647	0.780231	0.840924	0.883763	0.908017	0.941818	0.920401	0.927485	0.894206	0.96214	1.043736	1.079194	1.115707	1.149671	1.050083	0.984394	0.927998	0.94193	1.002167	0.952003	0.891345	0.8912	0.848565	0.759941	0.748275	0.690516	0.674418	0.645585	0.660394	0.662823	0.632966	0.613956	0.608449	0.654849	0.595776	0.673412	0.672045	0.762342	0.808292	0.761052	0.837793	0.867024	0.894413	0.953614	0.872554	0.895254	0.906721	1.011606	1.10058	1.075607	1.08279
1.020511	1.042678	1.042528	0.945127	1.047093	0.935725	0.986169	0.988731	0.9995	0.990788	0.948852	0.865604	0.784409	0.721731	0.700462	0.674994	0.643291	0.68769	0.677834	0.650507	0.635684	0.665508	0.624876	0.648671	0.627886	0.621234	0.671843	0.698948	0.703063	0.805381	0.890401	0.878909	0.944695	0.951523	0.926466	0.913157	0.965635	1.020273	1.032653	1.108615	1.068223	1.025299	0.96322	0.927269	0.962559	0.987221	0.976059	0.862664	0.878692	0.791966	0.731804	0.704901	0.698926	0.665922	0.647966	0.658086	0.673998	0.636473	0.640259	0.637184	0.646522	0.635944	0.665382	0.651421	0.717554	0.706945	0.785337	0.838745	0.900113	0.917089	0.913696	0.911548	0.854031	0.887266	0.965643	0.996542	1.086548	1.051004
0.90126	0.955642	0.910139	0.968825	1.025808	1.030933	1.016698	1.037701	0.977404	0.958764	0.895132	0.747074	0.679459	0.662198	0.682491	0.666027	0.748351	0.74879	0.755972	0.738509	0.735626	0.733258	0.693403	0.745849	0.696619	0.675812	0.680859	0.661503	0.662677	0.746711	0.781638	0.895756	0.937839	0.939179	0.949002	0.930398	0.942855	0.951497	0.978079	0.967305	0.984672	0.996927	0.988298	0.957096	1.003574	0.961546	0.935337	0.882436	0.79972	0.737658	0.685077	0.681547	0.680853	0.677827	0.691585	0.693829	0.689719	0.726759	0.713347	0.679401	0.733702	0.674453	0.650486	0.648572	0.693765	0.667816	0.718899	0.825416	0.860713	0.914079	0.959217	0.872216	0.869146	0.905296	0.954883	1.012772	1.026975	1.015508
0.888741	0.835106	0.858848	0.925591	0.97512	1.045432	1.026269	0.997597	0.910998	0.846377	0.785839	0.685364	0.648741	0.677618	0.671669	0.773886	0.804609	0.878661	0.888627	0.907779	0.894862	0.86885	0.883403	0.866888	0.822033	0.714869	0.708565	0.667057	0.640844	0.705985	0.737579	0.821286	0.881345	0.95093	1.007043	1.037208	0.966923	0.950967	0.842214	0.893442	0.894724	0.968328	1.020544	1.025304	1.004743	0.957104	0.880771	0.81937	0.748454	0.637709	0.654782	0.669566	0.669923	0.753644	0.833088	0.825333	0.792206	0.814065	0.840159	0.772855	0.780208	0.735113	0.710987	0.663255	0.603687	0.653364	0.653299	0.758609	0.812816	0.864328	0.86996	0.907757	0.921021	0.901677	0.932809	0.873883	0.90071	0.865645
0.884377	0.825073	0.872611	0.846734	0.990148	1.000173	0.987228	0.938618	0.877677	0.840039	0.762136	0.697385	0.703284	0.743144	0.729975	0.834443	0.914484	0.997529	0.977885	0.99837	0.986428	0.980656	0.950924	0.913197	0.927406	0.868881	0.776539	0.761941	0.733434	0.713653	0.741616	0.793042	0.817024	0.9261	0.965161	0.931555	0.989426	0.896126	0.853235	0.808636	0.858801	0.927015	1.026006	1.004472	0.982696	0.951995	0.860572	0.788954	0.705775	0.684989	0.695748	0.724184	0.751688	0.851628	0.913182	0.9391	0.923322	0.956783	0.896662	0.889137	0.88212	0.910047	0.792304	0.693959	0.663763	0.716595	0.68519	0.688425	0.780241	0.845504	0.922409	0.960862	0.947069	0.942848	0.9013	0.823176	0.807069	0.835261
0.881962	0.83153	0.782781	0.838923	0.960132	0.961082	0.943468	0.930249	0.824346	0.734614	0.772264	0.725037	0.820828	0.820518	0.870587	0.967299	0.994983	1.039313	1.02291	1.018416	1.055336	1.025705	1.035553	0.999438	0.995262	0.975654	0.901294	0.834635	0.802915	0.794251	0.731291	0.760232	0.785587	0.866445	0.923858	0.914468	0.933452	0.894387	0.816531	0.804541	0.794161	0.958262	0.984456	0.951729	0.973328	0.885239	0.776644	0.733126	0.758474	0.745904	0.813499	0.799664	0.886604	0.940748	1.017227	1.026796	0.985761	0.985154	0.992239	0.977151	0.963033	0.950806	0.899818	0.797719	0.775573	0.739629	0.729795	0.689759	0.782276	0.783128	0.836899	0.905184	0.926296	0.905684	0.908084	0.776041	0.818958	0.826139
0.860062	0.854368	0.832372	0.893772	0.9545	0.949209	0.948568	0.810955	0.744613	0.736608	0.760831	0.831427	0.904765	0.936245	0.946545	1.030034	1.016296	1.040544	0.980805	0.945543	0.921681	0.952643	0.976903	1.034548	1.038947	1.06736	1.017628	0.988442	0.906497	0.833228	0.782112	0.694922	0.664651	0.778638	0.868364	0.90175	0.896264	0.883212	0.790105	0.791831	0.814225	0.927662	0.99299	0.962843	0.855991	0.767594	0.714539	0.72105	0.791776	0.851843	0.858708	0.927223	0.985107	1.036256	1.039639	0.97825	0.981411	0.963792	0.992685	0.978983	0.967709	1.025225	1.009254	0.933258	0.856627	0.844905	0.828929	0.746606	0.763808	0.730295	0.752029	0.875714	0.915464	0.918202	0.87074	0.846234	0.800921	0.803443
