X1	X2	X3	X4	X5	X6	X7	X8	X9	X10	X11	X12	X13	X14	X15	X16	X17	X18	X19	X20	X21	X22	X23	X24	X25	X26	X27	X28	X29	X30	X31	X32	X33	X34	X35	X36	X37	X38	X39	X40	X41	X42	X43	X44	X45	X46	X47	X48	X49	X50	X51	X52	X53	X54	X55	X56	X57	X58	X59	X60	X61	X62	X63	X64	X65	X66	X67	X68	X69	X70	X71	X72	X73	X74	X75	X76	X77	X78	X79	X80	X81	X82	X83	X84	X85	X86	X87	X88	X89	X90	X91	X92	X93	X94	X95	X96	X97	X98	X99	X100	X101	X102	X103	X104	X105	X106	X107	X108	X109	X110	X111	X112	X113	X114	X115	X116	X117	X118	X119	X120	X121	X122	X123	X124	X125	X126	X127	X128
0.915762	1.03867	1.048099	0.833285	0.575617	0.389632	0.275142	0.214329	0.18972	0.202062	0.197956	0.215173	0.230728	0.2276	0.239829	0.234847	0.240151	0.231813	0.219011	0.230223	0.246655	0.331747	0.444615	0.649203	0.955643	1.229783	1.260023	1.032194	0.790852	0.723445	0.889116	1.154603	1.183548	0.965629	0.714642	0.576649	0.399717	0.2742	0.247542	0.230557	0.230095	0.222609	0.228243	0.225321	0.234188	0.238932	0.222376	0.223396	0.246385	0.268164	0.347223	0.520086	0.676742	0.805209	1.039161	1.227048	1.154528	0.845039	0.633883	0.675345	0.922525	1.203268	1.213028	0.992103	0.813098	0.670348	0.497752	0.359907	0.287859	0.246421	0.216116	0.20672	0.211157	0.210346	0.207159	0.226883	0.229145	0.251085	0.313018	0.386997	0.49994	0.697824	0.865929	0.985264	1.090139	1.151393	0.958412	0.653098	0.49291	0.536278	0.770792	1.010756	1.068187	0.999446	0.962459	0.843654	0.682002	0.49228	0.384231	0.281376	0.241089	0.219139	0.191414	0.201171	0.20291	0.20277	0.230666	0.248028	0.320942	0.436191	0.576545	0.763561	0.934354	1.049294	1.086396	1.039595	0.837651	0.604429	0.490607	0.530716	0.740403	0.980006	1.060301	1.09295	1.078341	0.912418	0.689509	0.556325
0.841936	1.093255	1.172137	0.974768	0.720144	0.576913	0.450937	0.322323	0.260798	0.236118	0.21877	0.203198	0.217969	0.212699	0.212402	0.231339	0.224296	0.230975	0.273783	0.297327	0.363329	0.526954	0.688883	0.869136	1.070212	1.235011	1.172375	0.903514	0.621137	0.593949	0.790192	1.108907	1.289048	1.128578	0.935241	0.787415	0.637751	0.481484	0.346927	0.289513	0.241978	0.210691	0.208623	0.207567	0.212209	0.206733	0.210001	0.231297	0.268546	0.370596	0.508151	0.737154	0.909631	1.052932	1.131853	1.176628	1.008011	0.714092	0.54851	0.575608	0.770797	1.044633	1.158386	1.124529	1.082833	0.933008	0.718171	0.54153	0.398355	0.313132	0.267684	0.247033	0.220504	0.255082	0.253606	0.239502	0.296616	0.320531	0.374149	0.5067	0.660091	0.842255	1.033526	1.114773	1.098352	0.990824	0.819316	0.576502	0.457126	0.520549	0.658749	0.859182	0.961564	1.061634	1.104427	0.971306	0.784375	0.651809	0.528191	0.420935	0.406955	0.386676	0.35599	0.398854	0.392106	0.408325	0.463784	0.453138	0.535201	0.64466	0.736335	0.8594	0.979181	1.009021	0.941562	0.844879	0.742564	0.597147	0.509518	0.546964	0.674514	0.815103	0.897609	0.988381	1.051317	0.948024	0.847385	0.808691
0.696376	0.979055	1.146443	1.062946	0.962658	0.846081	0.696887	0.509969	0.376097	0.292816	0.225319	0.206379	0.197464	0.200319	0.197363	0.208235	0.224167	0.242548	0.306988	0.400046	0.543257	0.728786	0.921008	1.066627	1.145788	1.149468	1.042038	0.753709	0.557621	0.528669	0.674932	0.920583	1.111226	1.168038	1.171599	1.052261	0.865622	0.626814	0.493151	0.358567	0.288698	0.283819	0.243561	0.270256	0.282215	0.277764	0.302509	0.337356	0.376597	0.518014	0.68495	0.860895	1.070829	1.191899	1.159152	1.024449	0.875828	0.650514	0.538732	0.561724	0.692387	0.915098	1.042836	1.12855	1.167497	1.026462	0.829546	0.682596	0.611553	0.513679	0.495221	0.526861	0.513964	0.553699	0.574387	0.565733	0.63598	0.645839	0.705631	0.806111	0.865308	0.938448	1.064838	1.04678	0.903711	0.784092	0.673582	0.569282	0.533625	0.550687	0.601744	0.690703	0.758736	0.873612	0.977036	0.937301	0.902166	0.890676	0.859973	0.849511	0.882801	0.889351	0.887237	0.923472	0.923938	0.956347	0.988124	1.004998	1.041735	1.074315	1.073809	1.033414	0.99553	0.902198	0.719399	0.593342	0.556947	0.593315	0.652266	0.658964	0.615644	0.607461	0.631849	0.759273	0.925622	1.027596	1.158607	1.271718
0.613602	0.842325	1.027111	1.126453	1.166321	1.046269	0.852592	0.679097	0.518345	0.397668	0.323008	0.321427	0.280586	0.30742	0.320026	0.314761	0.372229	0.39022	0.439793	0.562957	0.683448	0.834672	1.025981	1.154959	1.12876	1.021329	0.879584	0.68213	0.592351	0.551309	0.663516	0.848984	0.982586	1.112189	1.150465	1.077954	0.898362	0.809577	0.698418	0.600253	0.578231	0.58163	0.598423	0.620778	0.668236	0.652002	0.706962	0.716636	0.766997	0.84971	0.917661	0.996086	1.084385	1.088566	0.933053	0.78698	0.693494	0.640453	0.630101	0.641073	0.679448	0.748445	0.807542	0.909141	1.012041	1.005134	0.982973	0.9955	1.022397	1.035079	1.088001	1.111259	1.162185	1.213572	1.241534	1.253333	1.30143	1.345726	1.357311	1.348037	1.325806	1.210785	1.084919	0.897934	0.692135	0.547099	0.501247	0.573468	0.649429	0.660059	0.582772	0.53111	0.538408	0.629408	0.79551	0.940556	1.1368	1.292977	1.420468	1.540857	1.57239	1.588366	1.634113	1.582045	1.614832	1.657963	1.646994	1.685834	1.676778	1.606435	1.523781	1.343861	1.073938	0.842739	0.599673	0.467799	0.462117	0.610659	0.785208	0.773393	0.615524	0.47302	0.490314	0.644812	0.906994	1.187383	1.498978	1.701968
0.59644	0.735598	0.853596	0.973662	1.073655	1.043684	0.909328	0.818083	0.759703	0.706198	0.683095	0.70715	0.704586	0.728275	0.766493	0.761969	0.830864	0.857981	0.894214	0.96129	1.017218	1.008472	1.019579	1.02088	0.890167	0.72368	0.664956	0.622099	0.645489	0.649439	0.647641	0.673972	0.714808	0.819601	0.953615	1.023032	1.043074	1.103789	1.135085	1.173799	1.187932	1.198424	1.230994	1.270815	1.310445	1.34099	1.372722	1.394735	1.429966	1.418502	1.397051	1.303375	1.163112	0.947664	0.719073	0.579743	0.530584	0.643948	0.745217	0.784913	0.722073	0.627172	0.603809	0.675189	0.827452	1.036475	1.259391	1.429413	1.574274	1.688622	1.737894	1.768281	1.86379	1.877599	1.880661	1.910843	1.926482	1.950648	1.97872	1.873965	1.77906	1.547245	1.197206	0.904233	0.632848	0.456755	0.432389	0.573107	0.746627	0.768077	0.603553	0.457031	0.464794	0.547898	0.755909	1.014933	1.353535	1.613249	1.721155	1.864251	1.838956	1.816422	1.857075	1.786787	1.800006	1.838637	1.765541	1.826828	1.770008	1.67403	1.626587	1.396174	1.120433	0.908242	0.653554	0.521005	0.468103	0.58699	0.748487	0.744422	0.60502	0.480911	0.540494	0.659971	0.901658	1.179682	1.439074	1.554681
0.610669	0.607817	0.613292	0.701993	0.848734	0.956919	1.049916	1.174487	1.224455	1.290567	1.356355	1.354696	1.401417	1.432916	1.430637	1.501624	1.527126	1.541862	1.604273	1.568608	1.489333	1.360312	1.148879	0.914489	0.643674	0.544101	0.53059	0.621801	0.740919	0.793168	0.687185	0.578969	0.556074	0.608958	0.788623	0.968318	1.320921	1.547943	1.672705	1.761225	1.826172	1.737104	1.81619	1.839936	1.849582	1.933213	1.871419	1.904932	1.942392	1.829218	1.75401	1.593699	1.286743	0.975451	0.693805	0.535385	0.469718	0.624252	0.82735	0.883452	0.741031	0.569437	0.544353	0.611669	0.826235	1.100336	1.433718	1.653137	1.745807	1.848013	1.875553	1.815127	1.899358	1.794207	1.856931	1.932381	1.867101	1.920545	1.926399	1.795838	1.73729	1.543642	1.231251	0.984641	0.716621	0.569844	0.493494	0.579024	0.681079	0.703139	0.577779	0.49826	0.512034	0.608733	0.813713	1.03704	1.240509	1.37516	1.420022	1.455002	1.436421	1.369437	1.392796	1.314967	1.306495	1.325529	1.246434	1.265542	1.24403	1.206515	1.220399	1.163558	1.108018	1.023854	0.86839	0.734213	0.661523	0.467385	0.610632	0.602248	0.593206	0.639994	0.715596	0.854266	1.054273	1.096804	1.076196	1.071711
0.671156	0.528847	0.469205	0.52456	0.730534	0.972149	1.262708	1.534111	1.646387	1.76222	1.854151	1.812121	1.844141	1.83536	1.820276	1.88865	1.861776	1.889411	1.95128	1.845856	1.734854	1.568923	1.23623	0.938413	0.692154	0.530277	0.466724	0.589697	0.762098	0.852391	0.714797	0.540719	0.499375	0.581045	0.808596	1.077178	1.394096	1.617126	1.605827	1.754575	1.776791	1.683973	1.71143	1.716902	1.696061	1.755994	1.681599	1.696407	1.726251	1.624183	1.570111	1.463892	1.275046	1.047117	0.824519	0.665104	0.586269	0.63521	0.733557	0.741396	0.698593	0.635722	0.652925	0.745724	0.925905	1.098958	1.256721	1.323226	1.336505	1.331613	1.312134	1.25045	1.269455	1.241127	1.230822	1.263426	1.230514	1.240306	1.240162	1.213639	1.228743	1.219502	1.200671	1.143241	0.988696	0.803788	0.687483	0.573017	0.549024	0.546589	0.557736	0.612989	0.684852	0.845498	1.029772	1.073561	1.034589	0.986857	0.881552	0.802528	0.738589	0.708238	0.656846	0.656026	0.616672	0.616422	0.630905	0.62628	0.670599	0.729179	0.828581	0.944539	1.123263	1.193808	1.12764	1.034015	0.932627	0.682133	0.501207	0.482546	0.625742	0.852141	0.984953	1.117407	1.176666	1.059476	0.875501	0.702023
0.67314	0.529442	0.470411	0.544992	0.746423	0.977616	1.262007	1.489031	1.560798	1.606339	1.638803	1.572901	1.568703	1.544178	1.47745	1.535699	1.516059	1.513368	1.548734	1.493114	1.446521	1.359434	1.18097	1.016358	0.843822	0.696244	0.6103	0.58871	0.663602	0.692674	0.640949	0.597931	0.634932	0.77309	0.951816	1.11135	1.192652	1.266088	1.215967	1.177636	1.12002	1.054262	1.040621	1.038863	1.03065	1.044061	1.011379	0.998072	1.015383	1.016537	1.094288	1.148871	1.214835	1.245844	1.115578	0.935869	0.823518	0.6863	0.601797	0.514145	0.648612	0.782857	0.888738	1.047033	1.166954	1.159727	1.035355	0.931688	0.830933	0.731954	0.657039	0.611934	0.593478	0.576669	0.584018	0.573153	0.611068	0.611265	0.625626	0.72526	0.824888	0.973139	1.17597	1.27421	1.222471	1.096609	0.95842	0.663582	0.472248	0.435353	0.561428	0.786287	0.945356	1.081236	1.186316	1.107684	0.91231	0.695962	0.570706	0.417641	0.350632	0.304661	0.260556	0.2312	0.26162	0.252273	0.28491	0.3023	0.350274	0.475558	0.614218	0.784472	1.006745	1.167837	1.207158	1.208164	1.08953	0.785776	0.538108	0.49987	0.66287	0.956876	1.139307	1.178446	1.114257	0.943374	0.727036	0.51291
0.603348	0.592451	0.620046	0.727596	0.929365	1.060444	1.086932	1.118108	1.072833	0.99907	0.98118	0.910637	0.874329	0.833513	0.81175	0.810574	0.806927	0.807902	0.835124	0.869361	0.959821	1.022464	1.110521	1.213892	1.126512	0.968092	0.865876	0.714513	0.589724	0.520161	0.591302	0.746483	0.908698	1.077574	1.197915	1.191437	1.051121	0.908449	0.782861	0.634103	0.536929	0.506494	0.451814	0.445892	0.461286	0.436702	0.420754	0.467088	0.503134	0.611178	0.763056	0.931969	1.173186	1.342698	1.329394	1.192819	1.073568	0.794827	0.564251	0.511727	0.662485	0.942931	1.143036	1.282405	1.287601	1.156972	0.909796	0.701849	0.534909	0.398441	0.325302	0.290042	0.251967	0.24344	0.264034	0.237067	0.281879	0.31177	0.35444	0.455922	0.617094	0.800766	1.025473	1.187694	1.245003	1.229317	1.097331	0.763266	0.528808	0.458437	0.610878	0.903972	1.076154	1.10591	1.089128	0.950942	0.765925	0.552928	0.391651	0.290589	0.22103	0.179764	0.171581	0.158948	0.165631	0.170521	0.186757	0.205335	0.250492	0.332028	0.417575	0.582027	0.745697	0.898755	1.071535	1.269501	1.210218	0.923508	0.672861	0.614314	0.780469	1.05633	1.1794	1.017322	0.831905	0.665582	0.502051	0.333359
0.552032	0.70769	0.87793	1.013168	1.143433	1.155905	1.004995	0.830327	0.689218	0.546843	0.445398	0.418894	0.362686	0.339424	0.337739	0.326312	0.341349	0.361212	0.394407	0.510286	0.64631	0.799996	1.040942	1.245134	1.277806	1.205345	1.101461	0.823695	0.577837	0.477332	0.612599	0.856178	1.111183	1.262015	1.279493	1.164471	0.94976	0.715266	0.52505	0.365565	0.283235	0.253448	0.207689	0.202496	0.191889	0.19917	0.214956	0.236674	0.294247	0.40634	0.551492	0.752696	0.972253	1.145257	1.230935	1.275487	1.167519	0.893661	0.612981	0.545679	0.710871	1.035853	1.267655	1.233427	1.113451	0.947858	0.728286	0.52833	0.38165	0.29601	0.221876	0.202424	0.19783	0.193435	0.191711	0.197811	0.214225	0.236396	0.273512	0.341593	0.410784	0.571959	0.720411	0.856483	1.043191	1.26333	1.206029	0.920235	0.658825	0.603647	0.736341	1.020178	1.164508	0.984061	0.810672	0.664019	0.496888	0.343995	0.256458	0.214047	0.185984	0.17339	0.173088	0.166505	0.151747	0.176127	0.163734	0.183657	0.211526	0.223043	0.24627	0.358563	0.473111	0.59095	0.894841	1.221486	1.261004	1.066986	0.906004	0.858652	0.956967	1.105706	1.112931	0.859605	0.557918	0.406532	0.269786	0.194047
0.556445	0.776214	1.015578	1.146009	1.18906	1.108778	0.900939	0.687009	0.489561	0.335742	0.264134	0.222563	0.17945	0.171552	0.168278	0.169562	0.182315	0.20603	0.24126	0.337171	0.447668	0.608578	0.801153	0.99415	1.112445	1.235549	1.217044	0.948707	0.652536	0.566197	0.664452	0.973291	1.228048	1.186351	1.054363	0.902423	0.716641	0.497975	0.360591	0.277488	0.221916	0.189013	0.185821	0.178051	0.186127	0.057438	0.184471	0.19408	0.235017	0.265995	0.363879	0.503637	0.661619	0.782979	0.989976	1.23968	1.286295	1.038712	0.778235	0.739156	0.857887	1.168633	1.332204	1.121749	0.859742	0.653045	0.481905	0.331865	0.250297	0.22191	0.217412	0.206225	0.204324	0.225561	0.210018	0.237511	0.23501	0.22552	0.269105	0.247035	0.267819	0.349484	0.441632	0.565564	0.870948	1.179115	1.238766	1.048838	0.872791	0.835124	0.903606	1.070587	1.115744	0.892273	0.606526	0.411555	0.281372	0.199364	0.170411	0.180155	0.182984	0.171012	0.19945	0.18464	0.174704	0.183717	0.173632	0.185089	0.182249	0.171672	0.186903	0.22567	0.296943	0.428028	0.731477	1.057086	1.158145	1.111371	1.116193	1.12484	1.046955	1.01437	0.951828	0.704168	0.431886	0.258782	0.185262	0.163154
0.639073	0.906382	1.13895	1.126759	0.974182	0.835031	0.674489	0.480391	0.33088	0.250729	0.208855	0.187203	0.183379	0.170401	0.16248	0.169386	0.172458	0.174515	0.201859	0.236324	0.281824	0.381882	0.51458	0.660281	0.857021	1.15872	1.287185	1.088674	0.823176	0.75303	0.826435	1.095865	1.259052	1.115769	0.802939	0.60217	0.447752	0.314142	0.233923	0.220849	0.20039	0.185347	0.197007	0.207894	0.191449	0.215048	0.202473	0.194034	0.225791	0.214631	0.163649	0.293501	0.39302	0.529297	0.777905	1.126265	1.2828	1.149805	0.975877	0.964801	1.019587	1.223507	1.271683	1.022939	0.664294	0.428191	0.286002	0.208593	0.181002	0.194585	0.206416	0.200947	0.209712	0.205753	0.213235	0.228358	0.238667	0.231119	0.244652	0.22578	0.21819	0.234031	0.284153	0.439815	0.718159	0.998369	1.090786	1.053825	1.107565	1.122607	1.012453	0.98079	0.948469	0.744337	0.476719	0.268462	0.194198	0.164345	0.16179	0.158032	0.192494	0.167527	0.190414	0.188576	0.164729	0.172436	0.173343	0.169789	0.177904	0.182334	0.194997	0.204128	0.217814	0.346434	0.581674	0.826899	0.94211	1.107108	1.362177	1.390887	1.09741	0.844741	0.72997	0.544875	0.325934	0.139243	0.182386	0.193161
0.837778	0.995946	1.184252	1.076427	0.788181	0.568912	0.415513	0.284842	0.2132	0.199079	0.197379	0.192388	0.201726	0.195978	0.179412	0.188153	0.185983	0.188526	0.202502	0.193047	0.186512	0.222149	0.289686	0.436944	0.698207	1.032499	1.234168	1.131425	0.981585	0.9793	0.981689	1.103106	1.166742	0.96424	0.663117	0.402074	0.271531	0.202593	0.186058	0.198917	0.200917	0.183961	0.191606	0.195925	0.176609	0.197021	0.191528	0.187395	0.201971	0.18614	0.187721	0.21864	0.27163	0.384746	0.637407	0.927172	1.095082	1.096877	1.148954	1.261761	1.170288	1.095549	1.042678	0.853384	0.560671	0.317699	0.221263	0.199937	0.190884	0.186429	0.19507	0.179059	0.193375	0.203789	0.185421	0.20916	0.207138	0.217556	0.218439	0.216538	0.235193	0.230739	0.236708	0.333447	0.572569	0.792425	0.897276	1.0757	1.340774	1.330335	1.101716	0.840384	0.75755	0.60001	0.355251	0.20679	0.165951	0.175018	0.168724	0.185997	0.184757	0.179821	0.188723	0.182804	0.180018	0.171343	0.163921	0.172262	0.175424	0.190005	0.198868	0.222064	0.199576	0.26644	0.439961	0.640195	0.77872	1.078928	1.523235	1.571605	1.171339	0.749956	0.565948	0.409443	0.237206	0.158981	0.190627	0.214262
1.02183	1.041252	1.073248	0.935904	0.645653	0.412202	0.275246	0.196819	0.170686	0.189478	0.189241	0.183574	0.189921	0.174677	0.160795	0.176255	0.175995	0.174645	0.174719	0.173678	0.170036	0.188399	0.21317	0.305736	0.553911	0.838116	1.008364	1.050204	1.158	1.26671	1.165307	1.011687	0.949546	0.803156	0.523963	0.28796	0.224792	0.20217	0.202143	0.200896	0.194796	0.186556	0.179251	0.180013	0.176986	0.186472	0.179362	0.171776	0.193894	0.185933	0.198794	0.210381	0.231891	0.289566	0.493332	0.752854	0.871572	1.065225	1.385229	1.556854	1.295784	1.004924	0.851248	0.666292	0.415906	0.236992	0.204215	0.225448	0.203911	0.202283	0.195399	0.199268	0.19987	0.196404	0.194121	0.207262	0.207317	0.215617	0.222493	0.227424	0.248139	0.243781	0.218741	0.263794	0.428066	0.623468	0.767838	1.047258	1.468876	1.573275	1.171128	0.763481	0.581541	0.431503	0.271156	0.173906	0.157696	0.186265	0.168776	0.181107	0.193101	0.202796	0.180369	0.203686	0.208422	0.197877	0.192245	0.181632	0.181207	0.187707	0.204923	0.193809	0.199939	0.235847	0.359126	0.488533	0.653792	1.016887	1.557024	1.647503	1.167524	0.678128	0.434473	0.324967	0.224716	0.184549	0.194036	0.217954
1.240266	0.994648	0.878652	0.780068	0.547858	0.300483	0.212199	0.197529	0.189781	0.183681	0.190135	0.187153	0.185756	0.087761	0.158988	0.167437	0.168305	0.169061	0.164511	0.159164	0.184514	0.182631	0.173787	0.228287	0.407305	0.645032	0.804049	0.980677	1.299031	1.54409	1.316178	0.962058	0.753541	0.604823	0.384105	0.217898	0.208295	0.21253	0.221304	0.220407	0.202822	0.198067	0.194404	0.195521	0.205501	0.192056	0.183779	0.187747	0.17344	0.184393	0.212875	0.206414	0.210889	0.238673	0.38169	0.564322	0.735099	1.002867	1.451815	1.652149	1.333416	0.927115	0.695863	0.500117	0.319198	0.208801	0.187647	0.216106	0.210884	0.219684	0.211764	0.211908	0.218504	0.221604	0.225331	0.225914	0.223412	0.224987	0.223778	0.23267	0.24073	0.229952	0.230833	0.265416	0.362543	0.47112	0.641822	0.959512	1.489126	1.63418	1.197562	0.684676	0.451493	0.34891	0.246177	0.183207	0.159383	0.185088	0.192044	0.202245	0.225138	0.228815	0.23892	0.228031	0.228793	0.228867	0.220553	0.199294	0.19701	0.199003	0.201825	0.206132	0.217889	0.258933	0.315123	0.379942	0.544477	0.975183	1.606888	1.712406	1.194677	0.595268	0.333391	0.265824	0.237359	0.208503	0.2138	0.234375
1.401222	0.999455	0.728049	0.59247	0.391128	0.229328	0.184219	0.217685	0.205039	0.203271	0.206997	0.206152	0.199688	0.199963	0.188514	0.181603	0.186068	0.171245	0.176653	0.164247	0.18628	0.190723	0.176108	0.204009	0.319072	0.505077	0.654188	0.901363	1.349972	1.641201	1.378547	0.905247	0.633756	0.466607	0.315957	0.206383	0.193086	0.220156	0.222543	0.229233	0.23214	0.227827	0.223738	0.225948	0.226934	0.226839	0.208105	0.198013	0.19346	0.203927	0.20373	0.199409	0.214507	0.233937	0.331875	0.445777	0.59427	0.936995	1.497521	1.737307	1.402278	0.856502	0.540768	0.404709	0.2845	0.236553	0.212825	0.22443	0.232798	0.244458	0.235608	0.238745	0.249992	0.248646	0.250395	0.25547	0.252887	0.249898	0.231248	0.241672	0.216817	0.231424	0.238701	0.281434	0.334428	0.37239	0.513716	0.945662	1.565881	1.756464	1.241949	0.632319	0.338293	0.268607	0.242382	0.170775	0.209771	0.207868	0.230156	0.23746	0.227272	0.233432	0.226488	0.224327	0.223263	0.219216	0.219831	0.214281	0.209464	0.22397	0.218887	0.223297	0.230653	0.260287	0.265135	0.314527	0.479128	0.954102	1.594254	1.747292	1.183809	0.572433	0.276741	0.218155	0.228557	0.227421	0.23738	0.256313
1.467362	0.955556	0.614605	0.453469	0.325593	0.221579	0.197677	0.195429	0.214987	0.217578	0.230473	0.232879	0.230414	0.219795	0.216813	0.213508	0.214801	0.202967	0.196805	0.183464	0.189995	0.188298	0.189685	0.220687	0.276658	0.394972	0.53067	0.838424	1.403755	1.736918	1.450799	0.851755	0.512794	0.364209	0.274702	0.217621	0.211284	0.216194	0.2427	0.251038	0.252266	0.252645	0.238126	0.22121	0.225598	0.226187	0.225902	0.222676	0.21207	0.218305	0.222711	0.226777	0.233199	0.261771	0.307117	0.342733	0.456647	0.890241	1.478909	1.83903	1.435848	0.782396	0.422986	0.311066	0.277452	0.255979	0.246056	0.250137	0.261268	0.270332	0.251653	0.248748	0.241774	0.234405	0.224473	0.242912	0.266447	0.268642	0.252377	0.274689	0.280072	0.275257	0.270674	0.291297	0.289246	0.320086	0.470222	0.937041	1.585081	1.759223	1.252248	0.613046	0.293322	0.227211	0.226032	0.236195	0.225186	0.239956	0.256461	0.271518	0.253212	0.240422	0.214604	0.190449	0.192611	0.205981	0.221323	0.239893	0.25242	0.256628	0.254825	0.231087	0.24939	0.264651	0.258443	0.270931	0.462079	0.941959	1.568617	1.71092	1.190554	0.574216	0.231681	0.186083	0.220095	0.254098	0.25014	0.255686
1.555176	0.937181	0.504353	0.350345	0.292539	0.237659	0.218807	0.215209	0.245287	0.252515	0.240422	0.253342	0.241828	0.224548	0.226216	0.222594	0.229878	0.239432	0.218878	0.218621	0.213667	0.207375	0.215245	0.229553	0.277068	0.321721	0.422187	0.765019	1.412478	1.81325	1.46842	0.810395	0.410742	0.280969	0.239968	0.233637	0.225012	0.234948	0.266038	0.286724	0.262643	0.257711	0.226609	0.217109	0.214	0.218241	0.225622	0.236362	0.234807	0.240442	0.245186	0.238309	0.24701	0.262533	0.267957	0.302936	0.434789	0.855444	1.498778	1.793766	1.395702	0.745672	0.379082	0.264187	0.240441	0.26828	0.25344	0.278198	0.298676	0.301999	0.268866	0.251118	0.21792	0.207811	0.192616	0.213197	0.257213	0.270298	0.284946	0.314569	0.312819	0.277766	0.28974	0.320251	0.282777	0.264051	0.453939	0.924626	1.582825	1.76737	1.267282	0.603919	0.259634	0.199217	0.216543	0.249016	0.241706	0.25003	0.279746	0.276855	0.254198	0.224664	0.178677	0.157513	0.156725	0.160384	0.200699	0.226297	0.260151	0.281404	0.282644	0.25547	0.282112	0.301414	0.262787	0.24451	0.408188	0.925497	1.604855	1.77055	1.225364	0.538766	0.215518	0.177953	0.236738	0.27475	0.265714	0.280127
1.576529	0.915217	0.428032	0.265895	0.234504	0.250647	0.236211	0.24502	0.275813	0.296797	0.269447	0.27022	0.241199	0.222436	0.213559	0.216852	0.239696	0.244041	0.246041	0.256649	0.253444	0.232026	0.230444	0.245496	0.246659	0.262533	0.373871	0.751918	1.363969	1.736391	1.4372	0.787158	0.379545	0.238061	0.22202	0.239639	0.234571	0.250894	0.289615	0.309038	0.287913	0.249169	0.214047	0.184392	0.179568	0.17276	0.209278	0.229847	0.25068	0.280989	0.276747	0.268672	0.283541	0.28515	0.270433	0.26641	0.384787	0.805361	1.486182	1.778228	1.390777	0.712274	0.321983	0.227583	0.256344	0.296441	0.292559	0.300673	0.317506	0.318533	0.264906	0.2253	0.183785	0.1594	0.164058	0.183334	0.203633	0.254672	0.306817	0.332	0.348994	0.312541	0.325235	0.341991	0.296155	0.265526	0.419564	0.915688	1.607234	1.804923	1.30855	0.583256	0.241358	0.179726	0.238898	0.273561	0.258664	0.276399	0.30966	0.299764	0.230334	0.198457	0.163045	0.141805	0.150973	0.156154	0.183618	0.220164	0.276518	0.316607	0.319259	0.280531	0.29916	0.308388	0.26853	0.232929	0.405061	0.906088	1.563297	1.71376	1.206485	0.557716	0.219948	0.173738	0.22018	0.259063	0.26482	0.282915
1.542123	0.896226	0.421691	0.237894	0.21773	0.243192	0.238013	0.254813	0.299261	0.319492	0.296323	0.2554	0.238358	0.180969	0.167709	0.182563	0.211661	0.247819	0.272619	0.288273	0.297572	0.270526	0.273342	0.281859	0.253574	0.240893	0.335005	0.711196	1.346555	1.767601	1.479659	0.793896	0.334056	0.213961	0.244227	0.259506	0.255979	0.256886	0.296979	0.314684	0.268796	0.221746	0.18956	0.145959	0.155931	0.164045	0.190636	0.23186	0.260805	0.299326	0.297786	0.270591	0.295078	0.310709	0.286157	0.253924	0.354183	0.7698	1.461178	1.787624	1.380984	0.698477	0.31031	0.222056	0.251557	0.292428	0.30061	0.304755	0.328192	0.323262	0.256434	0.213851	0.172968	0.155351	0.168499	0.164123	0.212074	0.277331	0.330732	0.364671	0.366102	0.327757	0.331667	0.331577	0.27977	0.26966	0.429846	0.920042	1.555122	1.771808	1.277118	0.620608	0.259342	0.197341	0.233055	0.263656	0.270131	0.289055	0.316077	0.308728	0.256664	0.206495	0.172607	0.156519	0.153302	0.154319	0.197049	0.240909	0.298929	0.324646	0.340306	0.297648	0.304993	0.304651	0.260953	0.238689	0.411786	0.90777	1.561836	1.738028	1.222574	0.562074	0.234496	0.185346	0.231355	0.275817	0.276259	0.295662
1.559716	0.877621	0.370445	0.210134	0.232134	0.261774	0.254881	0.261429	0.296545	0.316732	0.269177	0.237891	0.199616	0.149233	0.14887	0.154549	0.181153	0.247261	0.261307	0.302437	0.322317	0.290791	0.300716	0.289981	0.266796	0.226866	0.320047	0.68244	1.32188	1.735942	1.463295	0.782455	0.350924	0.2167	0.220721	0.264136	0.257424	0.263785	0.298076	0.313625	0.277536	0.214321	0.172906	0.149648	0.154644	0.150159	0.193566	0.230833	0.281813	0.310442	0.30776	0.28983	0.287415	0.305342	0.262877	0.251772	0.370361	0.76799	1.383804	1.691321	1.357375	0.706858	0.333399	0.227024	0.255451	0.285505	0.278126	0.306099	0.329365	0.327356	0.25513	0.212564	0.170224	0.165302	0.170827	0.173682	0.207715	0.265519	0.328322	0.377618	0.379184	0.339898	0.330927	0.33469	0.278755	0.25816	0.417722	0.881052	1.567904	1.766808	1.328895	0.6411	0.26182	0.201672	0.250929	0.28976	0.292077	0.29364	0.31713	0.326852	0.243795	0.214246	0.185155	0.158387	0.173828	0.180032	0.207037	0.234911	0.292357	0.342268	0.341003	0.301947	0.310066	0.303254	0.267375	0.22988	0.399643	0.894845	1.577507	1.749671	1.243179	0.568309	0.232572	0.1978	0.25277	0.276745	0.273611	0.274434
1.534554	0.877152	0.38907	0.226446	0.224716	0.247035	0.241004	0.254349	0.302845	0.320967	0.291556	0.233479	0.189687	0.167674	0.161209	0.164463	0.189623	0.236005	0.279288	0.333489	0.346122	0.320122	0.300098	0.298982	0.243198	0.237685	0.345722	0.688166	1.301618	1.7017	1.43216	0.800621	0.381271	0.221895	0.225682	0.256017	0.262658	0.271469	0.305815	0.321157	0.284251	0.220787	0.18687	0.161449	0.162173	0.159803	0.188652	0.232083	0.277333	0.32622	0.327067	0.307141	0.312251	0.297125	0.288569	0.255486	0.35745	0.74473	1.405867	1.717601	1.395154	0.709573	0.317813	0.231594	0.270452	0.296982	0.296292	0.292476	0.335675	0.323718	0.251487	0.217764	0.177985	0.165944	0.170301	0.177172	0.219058	0.269893	0.332123	0.369294	0.384307	0.348951	0.334	0.332688	0.316927	0.2803	0.415997	0.879994	1.569947	1.807253	1.366409	0.66821	0.310513	0.229758	0.255588	0.291725	0.269721	0.282656	0.325795	0.317461	0.263022	0.237233	0.201695	0.181479	0.19041	0.194716	0.231465	0.266922	0.325406	0.362615	0.346869	0.305316	0.269787	0.284357	0.262013	0.280947	0.457254	0.916758	1.52192	1.695351	1.234176	0.63022	0.302631	0.236055	0.229735	0.248189	0.239358	0.25925
1.525645	0.873454	0.395563	0.230973	0.236833	0.249262	0.248956	0.248608	0.291932	0.31823	0.284414	0.230327	0.196273	0.170666	0.168129	0.163527	0.186682	0.23638	0.276864	0.328848	0.349968	0.320412	0.307976	0.313147	0.277051	0.244875	0.327984	0.683123	1.332358	1.764859	1.508475	0.817133	0.371382	0.234406	0.256437	0.2716	0.261951	0.267544	0.307171	0.318383	0.275931	0.23252	0.192116	0.181988	0.16495	0.174972	0.204276	0.247282	0.285181	0.32501	0.326166	0.294152	0.288151	0.300622	0.284134	0.253296	0.380879	0.75948	1.376598	1.695308	1.37024	0.739692	0.37297	0.225729	0.272384	0.274251	0.259588	0.28621	0.320973	0.331861	0.281296	0.226378	0.207291	0.188307	0.195107	0.202452	0.24603	0.294688	0.32693	0.376311	0.367381	0.32161	0.302492	0.308447	0.285394	0.323067	0.485753	0.912021	1.524113	1.738672	1.341721	0.717056	0.369525	0.25828	0.2472	0.251673	0.240874	0.284333	0.307589	0.321948	0.280609	0.256667	0.224161	0.200488	0.201893	0.217605	0.253285	0.296624	0.323811	0.336965	0.333018	0.297531	0.269728	0.256799	0.268035	0.317565	0.480781	0.924398	1.543235	1.747439	1.283196	0.674767	0.348403	0.277616	0.253069	0.227854	0.223461	0.230654
1.58868	0.900339	0.391227	0.237453	0.247839	0.26274	0.248616	0.240006	0.288723	0.310388	0.281174	0.236113	0.220292	0.177622	0.178073	0.187946	0.203005	0.248229	0.301114	0.341077	0.34378	0.319121	0.292539	0.298047	0.288523	0.264881	0.358283	0.723564	1.308265	1.731618	1.478162	0.840904	0.433148	0.284146	0.275243	0.246041	0.234973	0.247041	0.28678	0.316055	0.299087	0.270115	0.214585	0.18996	0.182114	0.202128	0.226671	0.278475	0.306893	0.334405	0.314347	0.294067	0.273739	0.256739	0.270556	0.304876	0.435168	0.783609	1.354157	1.676692	1.362492	0.777907	0.436292	0.304887	0.274152	0.246218	0.244004	0.270499	0.313388	0.324223	0.289941	0.267928	0.237408	0.221915	0.225558	0.221196	0.26353	0.316598	0.327226	0.343211	0.343851	0.302217	0.293008	0.279578	0.32107	0.378086	0.511288	0.898848	1.548554	1.81601	1.403949	0.768695	0.429454	0.322876	0.281208	0.255502	0.233259	0.265309	0.300596	0.317449	0.295106	0.280342	0.254194	0.235248	0.246501	0.246175	0.279899	0.315349	0.320557	0.319942	0.312896	0.266718	0.243233	0.262156	0.319062	0.410817	0.554163	0.935862	1.532992	1.714603	1.304002	0.737489	0.461694	0.364153	0.272387	0.218291	0.192151	0.213419
1.514296	0.900705	0.456275	0.285866	0.269324	0.240823	0.212046	0.230914	0.277404	0.307271	0.300074	0.258334	0.246679	0.202107	0.208561	0.210692	0.231991	0.282903	0.315505	0.35164	0.339916	0.300604	0.281406	0.267439	0.267881	0.298345	0.421883	0.747164	1.313406	1.702475	1.472786	0.882854	0.492911	0.339439	0.271278	0.242245	0.230998	0.243061	0.275912	0.297799	0.305678	0.288619	0.243616	0.223447	0.21284	0.226115	0.251093	0.29715	0.309599	0.330584	0.31493	0.275457	0.258845	0.248925	0.293516	0.338615	0.469778	0.786908	1.398412	1.743135	1.445984	0.814686	0.483568	0.384254	0.32517	0.26319	0.233651	0.247376	0.285076	0.306486	0.296716	0.291544	0.281177	0.262418	0.275717	0.266827	0.302192	0.315033	0.312766	0.321504	0.311551	0.282372	0.254492	0.267443	0.335724	0.447205	0.600963	0.932135	1.523878	1.733938	1.3833	0.830417	0.544904	0.422476	0.31898	0.238442	0.204677	0.236824	0.276024	0.29893	0.309097	0.308491	0.308106	0.30191	0.297418	0.305732	0.312871	0.319902	0.322191	0.30559	0.295273	0.249336	0.207228	0.228602	0.346982	0.533054	0.711722	1.005282	1.430321	1.590117	1.244672	0.829925	0.624848	0.477239	0.297434	0.158565	0.172388	0.199636
1.544839	0.936392	0.496197	0.332393	0.277561	0.234716	0.208766	0.222626	0.269066	0.297898	0.302259	0.2892	0.273617	0.245178	0.25139	0.239407	0.267005	0.304784	0.312149	0.313786	0.316804	0.29792	0.267582	0.251956	0.295474	0.355585	0.479166	0.757066	1.321812	1.735694	1.509696	0.903817	0.543599	0.414683	0.329773	0.256449	0.226182	0.236275	0.267763	0.284674	0.297896	0.316111	0.308416	0.269426	0.269863	0.258104	0.288098	0.313582	0.307338	0.306915	0.296809	0.281446	0.22177	0.243808	0.333697	0.453644	0.595694	0.855875	1.336279	1.658981	1.388352	0.860769	0.607966	0.486992	0.366167	0.240482	0.211617	0.219268	0.255141	0.276418	0.297303	0.312205	0.314806	0.307633	0.316501	0.324517	0.320069	0.32377	0.314628	0.294147	0.284318	0.260293	0.228329	0.238098	0.36954	0.557456	0.750196	0.983792	1.384754	1.580669	1.303066	0.913247	0.711886	0.558052	0.358799	0.208602	0.191994	0.212076	0.239518	0.273914	0.290316	0.288397	0.303592	0.306394	0.307983	0.309569	0.312199	0.306419	0.309242	0.29451	0.263603	0.245583	0.215154	0.251318	0.431367	0.68053	0.86733	1.056218	1.333646	1.472384	1.206351	0.906804	0.790149	0.623155	0.377102	0.205915	0.188327	0.198598
1.534734	0.952459	0.586848	0.426752	0.327818	0.238034	0.202746	0.209941	0.257677	0.286489	0.305028	0.313395	0.31235	0.295632	0.29723	0.30224	0.307739	0.317443	0.316573	0.301503	0.294814	0.26654	0.234182	0.234557	0.332285	0.44485	0.608238	0.851884	1.284033	1.606397	1.420567	0.957536	0.690137	0.535666	0.382134	0.258512	0.204089	0.21727	0.238351	0.259042	0.28476	0.309997	0.321544	0.311925	0.315629	0.300589	0.297674	0.305715	0.314922	0.292217	0.271137	0.24548	0.215017	0.227815	0.35641	0.56447	0.756395	0.961268	1.295876	1.550207	1.316663	0.9443	0.75904	0.61919	0.407819	0.248447	0.197645	0.227507	0.243263	0.264	0.277698	0.292543	0.309541	0.318511	0.316712	0.31371	0.313933	0.229425	0.288067	0.28919	0.270189	0.249189	0.231507	0.257494	0.454039	0.714646	0.891746	1.008492	1.229116	1.459896	1.266266	1.010674	0.903852	0.736981	0.471595	0.260509	0.204989	0.218175	0.227714	0.237175	0.2526	0.268364	0.266377	0.286615	0.289324	0.291271	0.272609	0.268363	0.263632	0.233971	0.250734	0.238824	0.25054	0.323354	0.599339	0.893686	1.030612	1.054094	1.15535	1.199911	1.077443	0.988024	0.978906	0.810597	0.532774	0.297856	0.219789	0.195354
1.411924	0.989973	0.734551	0.569994	0.388169	0.249094	0.172262	0.20548	0.22522	0.253069	0.293036	0.312432	0.319144	0.313374	0.32039	0.326635	0.318193	0.306448	0.298473	0.290399	0.265954	0.251484	0.219748	0.228354	0.344454	0.571361	0.786081	0.948365	1.24237	1.497789	1.359134	1.019777	0.8393	0.71243	0.454971	0.238192	0.213953	0.236712	0.233941	0.239606	0.253359	0.271453	0.294889	0.301176	0.302811	0.294295	0.282218	0.276606	0.277992	0.2619	0.251594	0.256826	0.244794	0.267549	0.450203	0.722528	0.917173	1.028066	1.203972	1.397479	1.23322	1.000858	0.891379	0.797929	0.550912	0.319864	0.243791	0.229117	0.223243	0.212258	0.241624	0.252747	0.267692	0.279936	0.284442	0.30007	0.282935	0.262333	0.269993	0.23437	0.234315	0.246796	0.25784	0.342876	0.589562	0.884277	1.048893	1.056388	1.108137	1.161659	1.11014	1.077613	1.092222	0.932223	0.625215	0.375211	0.270091	0.224519	0.198772	0.200204	0.222757	0.239485	0.251144	0.258945	0.268675	0.263146	0.252743	0.229551	0.228212	0.210229	0.215834	0.235139	0.322483	0.468911	0.741212	1.048331	1.19227	1.082584	0.948027	0.894242	0.915782	1.079398	1.163791	0.990762	0.680006	0.443963	0.306073	0.219966
1.32513	1.03587	0.867719	0.755318	0.50276	0.283452	0.192278	0.208918	0.214402	0.217303	0.259208	0.259479	0.285187	0.284136	0.295069	0.305041	0.271375	0.266435	0.274233	0.256413	0.226329	0.2578	0.248837	0.261886	0.456814	0.744003	0.948764	1.008674	1.147313	1.300373	1.209392	1.048936	0.982668	0.889649	0.621653	0.365331	0.254441	0.226772	0.224686	0.209584	0.221285	0.247347	0.251086	0.278847	0.27357	0.263079	0.259717	0.233915	0.246872	0.235418	0.217521	0.238503	0.274673	0.351507	0.595445	0.891168	1.114823	1.102575	1.070555	1.091434	1.05184	1.032056	1.100053	0.979514	0.692336	0.435538	0.303689	0.221549	0.199806	0.198317	0.214818	0.227261	0.241925	0.254923	0.263664	0.266936	0.266491	0.237215	0.22733	0.225748	0.214869	0.249678	0.34103	0.483546	0.724944	1.034637	1.211917	1.104399	0.902414	0.84826	0.900061	1.128539	1.2618	1.10485	0.779435	0.532524	0.388475	0.271022	0.214314	0.220963	0.22813	0.217527	0.241697	0.246016	0.247455	0.232581	0.234627	0.207817	0.212489	0.23926	0.255288	0.349104	0.489905	0.610687	0.836317	1.116629	1.228293	1.039605	0.750116	0.665817	0.754228	1.040518	1.221234	1.096999	0.827479	0.657051	0.535901	0.390095
1.149454	1.030498	1.011524	0.942889	0.67464	0.387722	0.251683	0.216505	0.200935	0.185305	0.214583	0.228047	0.232506	0.260297	0.252441	0.269446	0.264553	0.244981	0.242807	0.222916	0.221274	0.228924	0.27051	0.37978	0.613364	0.945477	1.148562	1.110792	1.023187	0.991694	0.987042	1.066397	1.16913	1.066389	0.779708	0.510348	0.342665	0.249875	0.205027	0.188919	0.205577	0.218195	0.236683	0.251386	0.248687	0.259052	0.24729	0.225214	0.210387	0.237886	0.226801	0.259359	0.362604	0.506508	0.722793	1.053481	1.272729	1.174095	0.931445	0.790649	0.851033	1.071265	1.235363	1.138923	0.854163	0.584419	0.451806	0.326363	0.24131	0.244478	0.236525	0.230119	0.231383	0.239696	0.22992	0.237562	0.234368	0.210852	0.227552	0.258554	0.282416	0.3815	0.552257	0.708789	0.876898	1.140831	1.267308	1.06985	0.758235	0.632826	0.746484	1.036148	1.253527	1.157513	0.936764	0.783511	0.64038	0.484801	0.348879	0.285804	0.251146	0.219126	0.220405	0.22136	0.198548	0.200469	0.192313	0.184919	0.210516	0.289213	0.385915	0.543343	0.737742	0.907974	1.029092	1.133766	1.140203	0.889202	0.604955	0.515428	0.602391	0.902238	1.132226	1.128587	1.052319	0.956	0.799698	0.620266
0.898958	1.01725	1.170636	1.114853	0.834585	0.539602	0.368867	0.251506	0.188673	0.188249	0.209617	0.201892	0.223642	0.237726	0.236977	0.247424	0.242648	0.226106	0.221091	0.236913	0.233264	0.262718	0.387246	0.543771	0.744131	1.04645	1.273697	1.193807	0.909575	0.751579	0.790455	1.029689	1.244878	1.190721	0.913785	0.688067	0.541015	0.395052	0.278627	0.248644	0.240392	0.224775	0.211864	0.238664	0.219469	0.218212	0.236442	0.224907	0.216857	0.27304	0.305084	0.408367	0.597616	0.761653	0.905829	1.142684	1.292449	1.119437	0.798903	0.625492	0.697896	0.967902	1.20776	1.171514	0.981052	0.84616	0.710386	0.544319	0.396733	0.325442	0.263432	0.229043	0.203678	0.217592	0.189526	0.200291	0.207281	0.205167	0.239847	0.307781	0.397058	0.563192	0.787688	0.966917	1.097044	1.169831	1.174838	0.93757	0.639953	0.531537	0.614781	0.84516	1.08692	1.126641	1.120424	1.060223	0.88009	0.696397	0.515212	0.381814	0.290381	0.264701	0.223853	0.205612	0.211397	0.219032	0.21394	0.245178	0.284873	0.368694	0.523676	0.680866	0.886895	1.055926	1.11903	1.078168	0.961072	0.736483	0.557378	0.491745	0.565787	0.76064	0.988211	1.095289	1.15054	1.130159	0.940426	0.74711
0.718606	0.940086	1.202777	1.205179	0.937705	0.693075	0.568878	0.42494	0.294192	0.252422	0.238239	0.208167	0.197618	0.217291	0.201863	0.210175	0.214779	0.199006	0.212177	0.265905	0.310185	0.414241	0.596649	0.791209	0.938828	1.124331	1.261934	1.085844	0.778388	0.589271	0.629644	0.891237	1.163362	1.21902	1.049404	0.952833	0.79762	0.643187	0.448679	0.329402	0.264334	0.220986	0.205854	0.211476	0.198706	0.195362	0.200953	0.219089	0.252357	0.316207	0.432667	0.585936	0.817453	1.025184	1.137997	1.195748	1.161828	0.979695	0.691665	0.554594	0.597782	0.801325	1.054877	1.119705	1.137639	1.082403	0.920117	0.753237	0.59016	0.441384	0.337791	0.295947	0.266456	0.247793	0.253307	0.248813	0.252049	0.291365	0.256612	0.40796	0.553412	0.70346	0.924902	1.120579	1.186073	1.144621	1.012396	0.824924	0.623618	0.516156	0.566644	0.722287	0.928743	1.060049	1.1654	1.156885	0.994774	0.789583	0.674915	0.570185	0.497116	0.499906	0.475049	0.42298	0.488645	0.475044	0.494786	0.552198	0.565321	0.659218	0.756545	0.81942	0.9087	1.028323	0.96728	0.846035	0.756039	0.675732	0.586341	0.528044	0.572421	0.663508	0.806543	0.915579	1.020917	1.074349	0.981481	0.914107
0.581037	0.7986	1.061547	1.155173	1.058453	0.946401	0.831073	0.670694	0.491716	0.363706	0.278368	0.224567	0.198113	0.188476	0.195066	0.211241	0.203885	0.219276	0.248727	0.316813	0.433249	0.596124	0.794523	0.990699	1.127926	1.160477	1.11167	0.911958	0.660602	0.543589	0.57855	0.736336	0.979808	1.083182	1.173715	1.158168	1.020218	0.804007	0.610712	0.45187	0.340191	0.306227	0.285516	0.268421	0.301065	0.296665	0.300387	0.339415	0.389228	0.458978	0.588086	0.729199	0.909088	1.103364	1.187075	1.115762	1.003835	0.840579	0.649014	0.553148	0.581254	0.714036	0.91642	0.995207	1.09854	1.120778	0.989652	0.840599	0.758823	0.678477	0.618965	0.599598	0.60005	0.57488	0.607523	0.60113	0.610447	0.663335	0.706219	0.760494	0.851683	0.914113	1.007064	1.0879	1.049595	0.915812	0.785559	0.707535	0.65925	0.611105	0.605951	0.63205	0.722476	0.812797	0.940647	1.042067	0.991193	1.000222	1.014038	0.994285	1.001634	1.041845	1.056901	1.068217	1.085577	1.104738	1.137327	1.154598	1.205807	1.204036	1.202426	1.153342	1.04589	0.932973	0.795351	0.605362	0.535316	0.571656	0.649313	0.697416	0.662952	0.615264	0.591965	0.641437	0.771969	0.938478	1.088649	1.245356
0.552341	0.696299	0.903829	1.033626	1.140045	1.154493	0.989396	0.824665	0.646503	0.511348	0.404653	0.358326	0.339987	0.321071	0.350287	0.360295	0.354558	0.420106	0.433457	0.504883	0.638241	0.775143	0.902207	1.06259	1.126267	1.054609	0.918628	0.815395	0.637342	0.556558	0.579478	0.675186	0.846246	0.935339	1.068987	1.142575	1.04118	0.889607	0.811621	0.73364	0.671667	0.671579	0.681292	0.679986	0.714968	0.761392	0.769448	0.823461	0.838276	0.880675	0.941971	1.005135	1.044351	1.095134	1.036711	0.879977	0.736103	0.685233	0.656491	0.65642	0.674568	0.663509	0.704748	0.756606	0.884883	0.989207	0.992761	1.055665	1.137986	1.173824	1.19166	1.243706	1.254127	1.28979	1.274392	1.294233	1.3278	1.33619	1.381959	1.387106	1.377507	1.341876	1.238566	1.06661	0.860033	0.668437	0.587602	0.612988	0.705373	0.769458	0.729648	0.621095	0.553275	0.58954	0.712866	0.911779	1.113447	1.355848	1.50651	1.650602	1.721623	1.731285	1.753265	1.822273	1.711582	1.758631	1.805496	1.777645	1.838374	1.788836	1.675176	1.56174	1.285156	0.983181	0.735838	0.545766	0.468336	0.512141	0.694526	0.852404	0.766031	0.597205	0.489259	0.535487	0.688247	0.921959	1.207486	1.512587
0.591969	0.659489	0.766899	0.854958	0.991595	1.07144	1.018307	0.910578	0.857498	0.800216	0.778743	0.787215	0.800294	0.799743	0.827654	0.874968	0.90671	0.952859	0.979713	1.024583	1.064091	1.1123	1.064487	1.053659	0.971699	0.819898	0.678837	0.63796	0.63953	0.669319	0.687332	0.645593	0.652021	0.67759	0.804992	0.962417	1.03467	1.112291	1.210479	1.265809	1.312611	1.330257	1.337691	1.374811	1.398307	1.432406	1.495445	1.505039	1.537416	1.541489	1.481542	1.42259	1.319151	1.116143	0.892075	0.655472	0.549169	0.561706	0.676155	0.791103	0.79678	0.69114	0.576034	0.573873	0.680367	0.860103	1.108103	1.388879	1.586174	1.750613	1.873901	1.904465	1.875193	1.919977	1.852269	1.85674	1.927972	1.852626	1.935275	1.917526	1.796075	1.710331	1.451159	1.104159	0.847806	0.607687	0.519701	0.536429	0.729869	0.886948	0.827904	0.639016	0.49912	0.51849	0.644831	0.900636	1.199701	1.519906	1.694022	1.860208	1.916449	1.868671	1.850309	1.893881	1.771932	1.791632	1.804297	1.755271	1.805677	1.748496	1.634037	1.546103	1.276709	1.059885	0.837312	0.652537	0.543564	0.554042	0.669499	0.788789	0.741053	0.614483	0.541272	0.587299	0.736331	0.932949	1.154133	1.332301
0.713998	0.676626	0.622125	0.629022	0.711874	0.854741	0.97324	1.10775	1.232574	1.307745	1.42739	1.447525	1.458269	1.533045	1.528552	1.546746	1.65071	1.643467	1.699037	1.719648	1.632288	1.562985	1.396065	1.127269	0.855114	0.632228	0.538356	0.535966	0.649009	0.78216	0.792549	0.677876	0.556579	0.536306	0.610542	0.828393	1.093101	1.378964	1.612497	1.735794	1.856525	1.855776	1.812429	1.880196	1.823153	1.830411	1.899214	1.851761	1.932587	1.88698	1.758786	1.704516	1.504509	1.183164	0.916069	0.653478	0.535495	0.514361	0.662647	0.859112	0.845113	0.685532	0.536982	0.538308	0.663784	0.866298	1.16079	1.470687	1.686133	1.783305	1.892179	1.845203	1.80795	1.829257	1.734662	1.755768	1.77203	1.678515	1.743514	1.728289	1.629811	1.583294	1.382839	1.122224	0.909062	0.720793	0.636348	0.613832	0.703499	0.800947	0.76665	0.660671	0.592512	0.624593	0.744487	0.962903	1.145391	1.316489	1.392239	1.401935	1.402157	1.318683	1.281854	1.275144	1.195574	1.166821	1.180612	1.144616	1.1676	1.153702	1.136835	1.164759	1.136628	1.142148	1.073815	0.927151	0.782873	0.694905	0.641224	0.624712	0.61581	0.63479	0.706143	0.799843	0.951193	1.066375	1.071465	1.010177
0.827434	0.701608	0.543657	0.496079	0.562714	0.750365	0.993865	1.298508	1.550027	1.655753	1.807801	1.844428	1.808251	1.897366	1.845612	1.829653	1.926385	1.890273	1.947041	1.939975	1.815645	1.710377	1.524301	1.173469	0.88182	0.664691	0.557403	0.500872	0.630749	0.787816	0.815069	0.668045	0.524286	0.526192	0.603799	0.822564	1.08562	1.377561	1.56437	1.626212	1.712876	1.654267	1.579002	1.591277	1.518404	1.511253	1.562922	1.516959	1.548721	1.554789	1.459519	1.428409	1.319813	1.147097	0.962807	0.789591	0.687489	0.618619	0.657076	0.722952	0.721675	0.654524	0.61511	0.660768	0.798193	0.965894	1.098254	1.207088	1.245752	1.230371	1.245455	1.167403	1.101614	1.085907	1.059521	1.042309	1.037085	1.003999	1.023615	1.033476	1.059509	1.145149	1.142748	1.185727	1.164325	1.021737	0.873483	0.795622	0.680269	0.624331	0.632338	0.67101	0.762558	0.859359	1.001033	1.137806	1.106729	0.99936	0.91928	0.78966	0.703736	0.650379	0.605531	0.557639	0.542642	0.528148	0.531216	0.560931	0.560061	0.621611	0.72233	0.820565	0.998316	1.212739	1.284314	1.193668	1.061276	0.888532	0.648248	0.488682	0.524854	0.664738	0.899946	1.046013	1.157704	1.145903	1.024369	0.81815
0.780711	0.669972	0.553297	0.526398	0.591309	0.765892	0.991557	1.231367	1.402171	1.468155	1.544198	1.52607	1.451933	1.476643	1.429472	1.409219	1.446568	1.419935	1.44683	1.445198	1.388677	1.363757	1.276881	1.160762	1.012274	0.842205	0.717984	0.646239	0.614941	0.657044	0.672798	0.619037	0.603885	0.65524	0.795379	0.966534	1.087364	1.115079	1.131131	1.062786	1.030409	0.969194	0.899987	0.867074	0.829441	0.820812	0.836251	0.818783	0.845038	0.859168	0.888515	0.977632	1.055887	1.146518	1.194966	1.084691	0.909363	0.83797	0.689168	0.590246	0.576729	0.638748	0.787657	0.917661	1.101481	1.215912	1.13112	0.974286	0.864169	0.729208	0.624604	0.553229	0.509391	0.470058	0.47541	0.469295	0.449934	0.475029	0.481497	0.542619	0.677417	0.8272	0.995689	1.217752	1.33824	1.275093	1.147327	1.007707	0.730466	0.553465	0.54414	0.714904	0.97272	1.129653	1.249378	1.268018	1.093365	0.855631	0.662057	0.489728	0.362116	0.299121	0.252084	0.22043	0.22861	0.223076	0.230027	0.270928	0.291375	0.358143	0.494124	0.642253	0.857391	1.096875	1.24255	1.269765	1.219207	1.004198	0.715312	0.525765	0.53084	0.732365	1.007186	1.152551	1.149016	1.035343	0.863044	0.662605
0.628766	0.603439	0.624794	0.683226	0.798456	0.970007	1.060379	1.048275	1.021516	0.951478	0.884808	0.842729	0.788509	0.760114	0.723725	0.703117	0.704451	0.722903	0.729058	0.750402	0.815763	0.917127	1.001475	1.158912	1.217414	1.125347	0.969297	0.879103	0.698187	0.558994	0.537929	0.615641	0.757421	0.910051	0.998709	1.163176	1.116499	0.942016	0.78099	0.652822	0.512666	0.423631	0.392366	0.342046	0.34071	0.338192	0.313691	0.35997	0.38501	0.42684	0.555362	0.673773	0.866331	1.111772	1.29381	1.284304	1.194373	1.036376	0.751288	0.549872	0.534865	0.671468	0.951419	1.131949	1.275316	1.288096	1.0983	0.859534	0.643137	0.473237	0.338574	0.26405	0.225469	0.203624	0.212757	0.203817	0.204806	0.235036	0.267476	0.324894	0.456131	0.618999	0.810324	1.020374	1.203786	1.264279	1.280082	1.13289	0.802589	0.60208	0.599561	0.795262	1.102155	1.245833	1.202447	1.082543	0.900343	0.669774	0.473815	0.338346	0.244306	0.190086	0.175829	0.167601	0.162755	0.177786	0.186642	0.198657	0.217177	0.267108	0.349981	0.450467	0.633151	0.796598	0.949003	1.137217	1.293376	1.149043	0.828203	0.630706	0.648128	0.863774	1.135681	1.184892	0.977378	0.76324	0.609443	0.445512
0.484468	0.569554	0.738658	0.906747	1.055887	1.158182	1.119267	0.940176	0.769837	0.613345	0.474781	0.381955	0.353713	0.294127	0.275796	0.295094	0.275342	0.308192	0.328937	0.3823	0.496427	0.634502	0.820018	1.048959	1.212893	1.233833	1.162315	1.049587	0.770405	0.56891	0.494627	0.634977	0.891946	1.072907	1.187893	1.154727	1.02594	0.822086	0.613881	0.427329	0.301768	0.225582	0.195561	0.168396	0.153442	0.169224	0.150834	0.17181	0.207245	0.265439	0.364852	0.492392	0.68195	0.874454	1.067452	1.182382	1.283044	1.171731	0.861944	0.63451	0.603516	0.780497	1.07961	1.249024	1.176528	1.053293	0.870745	0.654724	0.439802	0.32211	0.240738	0.190634	0.168996	0.168183	0.164479	0.168372	0.187861	0.187087	0.215225	0.248564	0.305045	0.398592	0.546495	0.708148	0.865244	1.090415	1.334344	1.243811	0.956227	0.752787	0.746917	0.981104	1.240203	1.293051	1.05462	0.78939	0.613322	0.437072	0.282058	0.221681	0.200546	0.188923	0.201251	0.208217	0.200363	0.199183	0.21096	0.193352	0.211111	0.225173	0.240806	0.287802	0.400647	0.521633	0.669768	1.007434	1.272419	1.242945	0.986072	0.860094	0.848672	1.012825	1.192654	1.130767	0.831004	0.547035	0.370765	0.244742
